19335 Q0 1017759 0
19335 Q0 1082489 0
19335 Q0 109063 0
19335 Q0 1160863 0
19335 Q0 1160871 0
19335 Q0 1189088 0
19335 Q0 1203500 0
19335 Q0 1231806 0
19335 Q0 1231807 0
19335 Q0 1274615 0
19335 Q0 1274620 0
19335 Q0 1324075 0
19335 Q0 1509459 0
19335 Q0 1555317 0
19335 Q0 1568085 0
19335 Q0 161603 0
19335 Q0 1705525 0
19335 Q0 1720387 0
19335 Q0 1720388 0
19335 Q0 1720389 0
19335 Q0 1720393 0
19335 Q0 1720395 0
19335 Q0 1722 0
19335 Q0 1725697 0
19335 Q0 1726 0
19335 Q0 1729 1
19335 Q0 1730 0
19335 Q0 1796642 0
19335 Q0 1796647 0
19335 Q0 1825416 0
19335 Q0 1825418 0
19335 Q0 1837110 0
19335 Q0 1871222 0
19335 Q0 1908804 0
19335 Q0 1956669 0
19335 Q0 1958100 0
19335 Q0 1958102 0
19335 Q0 1958103 0
19335 Q0 1959553 0
19335 Q0 2004186 0
19335 Q0 2046505 0
19335 Q0 2071723 0
19335 Q0 2130187 0
19335 Q0 2186129 0
19335 Q0 2304004 0
19335 Q0 2304005 0
19335 Q0 2324839 0
19335 Q0 2325143 0
19335 Q0 2382766 0
19335 Q0 2394677 0
19335 Q0 256744 0
19335 Q0 256746 0
19335 Q0 256750 0
19335 Q0 2594897 0
19335 Q0 2604487 0
19335 Q0 2725017 0
19335 Q0 2874503 0
19335 Q0 2943092 0
19335 Q0 2978577 0
19335 Q0 3045565 0
19335 Q0 3045567 0
19335 Q0 3137952 0
19335 Q0 3175481 1
19335 Q0 3175483 0
19335 Q0 3175484 1
19335 Q0 3175485 0
19335 Q0 3212083 0
19335 Q0 3260688 0
19335 Q0 3358752 0
19335 Q0 342431 0
19335 Q0 342432 0
19335 Q0 3424644 0
19335 Q0 3445057 0
19335 Q0 3489287 0
19335 Q0 3497213 0
19335 Q0 3539483 0
19335 Q0 3559596 0
19335 Q0 3637071 0
19335 Q0 3683653 0
19335 Q0 3833966 0
19335 Q0 3959463 0
19335 Q0 4050974 0
19335 Q0 429846 0
19335 Q0 429849 0
19335 Q0 429852 0
19335 Q0 4379804 0
19335 Q0 4480942 0
19335 Q0 4510384 0
19335 Q0 4540809 0
19335 Q0 4686524 0
19335 Q0 4692187 0
19335 Q0 492088 0
19335 Q0 4974433 0
19335 Q0 5078863 0
19335 Q0 5078867 0
19335 Q0 5231750 0
19335 Q0 527689 0
19335 Q0 527690 0
19335 Q0 527692 0
19335 Q0 527695 0
19335 Q0 527697 0
19335 Q0 527698 0
19335 Q0 5298801 0
19335 Q0 5398329 0
19335 Q0 5454280 0
19335 Q0 5508122 0
19335 Q0 5652225 0
19335 Q0 5652228 0
19335 Q0 5711217 0
19335 Q0 5732405 0
19335 Q0 584350 0
19335 Q0 5870000 0
19335 Q0 5932277 0
19335 Q0 6177788 0
19335 Q0 6210055 0
19335 Q0 6306220 0
19335 Q0 6306222 0
19335 Q0 6452942 0
19335 Q0 6452949 0
19335 Q0 6582809 0
19335 Q0 6683523 0
19335 Q0 6751546 0
19335 Q0 6773977 0
19335 Q0 6783161 0
19335 Q0 6867870 0
19335 Q0 6894786 0
19335 Q0 6894788 0
19335 Q0 691494 0
19335 Q0 691496 0
19335 Q0 691498 0
19335 Q0 6999135 0
19335 Q0 7007720 0
19335 Q0 7122355 0
19335 Q0 712804 0
19335 Q0 712806 0
19335 Q0 712809 0
19335 Q0 7198041 0
19335 Q0 7198042 0
19335 Q0 7198044 0
19335 Q0 7200795 0
19335 Q0 724366 0
19335 Q0 7267243 0
19335 Q0 7267248 0
19335 Q0 7276206 0
19335 Q0 7298833 0
19335 Q0 7298839 0
19335 Q0 7320614 0
19335 Q0 7367402 0
19335 Q0 7367407 0
19335 Q0 7460276 0
19335 Q0 7665056 0
19335 Q0 7692042 0
19335 Q0 7692043 0
19335 Q0 7692044 0
19335 Q0 772232 0
19335 Q0 772234 0
19335 Q0 7727457 0
19335 Q0 7727464 0
19335 Q0 7763208 0
19335 Q0 7891857 0
19335 Q0 7961905 0
19335 Q0 7961908 0
19335 Q0 8040069 0
19335 Q0 8151641 0
19335 Q0 8151642 0
19335 Q0 8151650 0
19335 Q0 8169280 0
19335 Q0 819168 0
19335 Q0 8199361 0
19335 Q0 8365529 0
19335 Q0 8379032 0
19335 Q0 8412681 1
19335 Q0 8412682 1
19335 Q0 8412683 1
19335 Q0 8412684 1
19335 Q0 8412685 0
19335 Q0 8412687 0
19335 Q0 8412688 0
19335 Q0 8478792 0
19335 Q0 8618772 0
19335 Q0 8635981 0
19335 Q0 8649613 0
19335 Q0 8677293 0
19335 Q0 8677296 0
19335 Q0 8689042 0
19335 Q0 8734157 0
19335 Q0 8734158 0
19335 Q0 8734162 0
19335 Q0 8754859 0
19335 Q0 8798988 0
19335 Q0 8798990 0
19335 Q0 8832564 0
19335 Q0 901325 0
19335 Q0 901329 0
47923 Q0 1200258 1
47923 Q0 1236611 0
47923 Q0 1296110 0
47923 Q0 1300989 0
47923 Q0 1354790 0
47923 Q0 1463436 0
47923 Q0 1507610 0
47923 Q0 1508658 0
47923 Q0 1669816 0
47923 Q0 1681331 1
47923 Q0 1681332 0
47923 Q0 1681334 1
47923 Q0 1681335 0
47923 Q0 1681336 0
47923 Q0 1681337 0
47923 Q0 1681339 0
47923 Q0 1717546 0
47923 Q0 1767240 0
47923 Q0 1868437 1
47923 Q0 1868438 0
47923 Q0 1923153 0
47923 Q0 1960681 0
47923 Q0 2044900 0
47923 Q0 2061700 0
47923 Q0 2061702 0
47923 Q0 2061706 0
47923 Q0 2148997 0
47923 Q0 2157582 0
47923 Q0 217594 0
47923 Q0 2408264 0
47923 Q0 2477210 1
47923 Q0 2477211 0
47923 Q0 2655670 1
47923 Q0 2719555 0
47923 Q0 2749477 0
47923 Q0 2772864 0
47923 Q0 2831044 0
47923 Q0 2831045 0
47923 Q0 284591 1
47923 Q0 2917510 0
47923 Q0 3196227 0
47923 Q0 320920 0
47923 Q0 3246976 0
47923 Q0 3348830 0
47923 Q0 3348837 0
47923 Q0 3348838 0
47923 Q0 3573382 0
47923 Q0 3630933 0
47923 Q0 3630935 1
47923 Q0 3694265 0
47923 Q0 3748434 1
47923 Q0 388338 0
47923 Q0 3986046 0
47923 Q0 4081982 0
47923 Q0 4143232 1
47923 Q0 4257346 0
47923 Q0 4297613 0
47923 Q0 4297620 0
47923 Q0 4321228 0
47923 Q0 4321230 1
47923 Q0 4416477 0
47923 Q0 4490071 0
47923 Q0 4652165 0
47923 Q0 4652795 1
47923 Q0 4655679 0
47923 Q0 4684891 0
47923 Q0 4684893 1
47923 Q0 4684895 0
47923 Q0 473807 1
47923 Q0 473809 0
47923 Q0 4778734 0
47923 Q0 4793758 0
47923 Q0 4997370 1
47923 Q0 5032362 0
47923 Q0 5051722 0
47923 Q0 5053382 0
47923 Q0 5055000 1
47923 Q0 5065570 0
47923 Q0 5137402 0
47923 Q0 5144927 0
47923 Q0 5147527 0
47923 Q0 5147529 0
47923 Q0 5147530 0
47923 Q0 525511 0
47923 Q0 5417577 0
47923 Q0 5417578 0
47923 Q0 5417580 0
47923 Q0 5417582 1
47923 Q0 5878045 0
47923 Q0 5949690 0
47923 Q0 5966643 1
47923 Q0 5966645 0
47923 Q0 6111296 0
47923 Q0 611271 1
47923 Q0 6139476 0
47923 Q0 618555 1
47923 Q0 618556 1
47923 Q0 618559 0
47923 Q0 6191 1
47923 Q0 6213244 0
47923 Q0 6241147 1
47923 Q0 6241148 1
47923 Q0 6241150 0
47923 Q0 6241151 1
47923 Q0 6241152 1
47923 Q0 6241153 1
47923 Q0 6241154 1
47923 Q0 6378779 1
47923 Q0 6643066 1
47923 Q0 6652175 0
47923 Q0 6696631 0
47923 Q0 6813699 0
47923 Q0 6919836 1
47923 Q0 6919837 0
47923 Q0 7109642 1
47923 Q0 7507613 0
47923 Q0 7644552 1
47923 Q0 766025 1
47923 Q0 769287 0
47923 Q0 778272 1
47923 Q0 7786719 0
47923 Q0 7890942 0
47923 Q0 7891160 0
47923 Q0 7914826 1
47923 Q0 8214977 0
47923 Q0 829484 0
47923 Q0 8327407 0
47923 Q0 8327408 0
47923 Q0 8348762 0
47923 Q0 84017 0
47923 Q0 8418681 1
47923 Q0 8418683 0
47923 Q0 8418684 0
47923 Q0 8418686 0
47923 Q0 8421421 1
47923 Q0 8619129 0
47923 Q0 8641104 1
47923 Q0 8641107 0
47923 Q0 8659158 0
47923 Q0 8727556 0
47923 Q0 8836262 1
47923 Q0 913042 0
47923 Q0 986177 1
87181 Q0 104095 0
87181 Q0 1092118 0
87181 Q0 123547 0
87181 Q0 1281893 0
87181 Q0 1346114 0
87181 Q0 1408695 0
87181 Q0 1408696 0
87181 Q0 1647621 0
87181 Q0 1689436 0
87181 Q0 1689438 0
87181 Q0 1692902 0
87181 Q0 169896 0
87181 Q0 1700168 1
87181 Q0 172170 0
87181 Q0 172862 0
87181 Q0 1740462 0
87181 Q0 1766470 0
87181 Q0 1890715 0
87181 Q0 1902826 0
87181 Q0 19153 0
87181 Q0 1950524 0
87181 Q0 1950531 0
87181 Q0 1961300 0
87181 Q0 2011007 0
87181 Q0 2259136 0
87181 Q0 2259139 0
87181 Q0 229627 0
87181 Q0 2307974 1
87181 Q0 2307979 0
87181 Q0 2396481 0
87181 Q0 2486092 0
87181 Q0 2497493 0
87181 Q0 2528294 0
87181 Q0 2530227 1
87181 Q0 2530252 0
87181 Q0 2556144 0
87181 Q0 2556149 0
87181 Q0 2556150 0
87181 Q0 2556151 1
87181 Q0 2556153 0
87181 Q0 2596279 0
87181 Q0 2611818 0
87181 Q0 2713030 0
87181 Q0 2763490 0
87181 Q0 2842948 0
87181 Q0 295626 0
87181 Q0 2986227 1
87181 Q0 3354162 0
87181 Q0 3422939 0
87181 Q0 3445699 0
87181 Q0 3540009 0
87181 Q0 3595685 0
87181 Q0 3604165 0
87181 Q0 3681089 0
87181 Q0 377541 0
87181 Q0 4243434 0
87181 Q0 4366699 0
87181 Q0 4423956 0
87181 Q0 456361 0
87181 Q0 4632251 0
87181 Q0 4632252 0
87181 Q0 4639455 0
87181 Q0 4682104 0
87181 Q0 4689523 1
87181 Q0 4689524 0
87181 Q0 4689525 1
87181 Q0 47203 0
87181 Q0 47206 0
87181 Q0 47207 0
87181 Q0 47208 0
87181 Q0 47210 0
87181 Q0 47211 0
87181 Q0 47212 0
87181 Q0 4786305 1
87181 Q0 4786312 0
87181 Q0 5080259 0
87181 Q0 5103077 1
87181 Q0 5103078 0
87181 Q0 5103079 0
87181 Q0 5103080 0
87181 Q0 5103083 1
87181 Q0 511404 0
87181 Q0 5197130 0
87181 Q0 5197133 0
87181 Q0 5197135 0
87181 Q0 5298150 0
87181 Q0 5469038 1
87181 Q0 5497677 1
87181 Q0 5524480 0
87181 Q0 5676026 0
87181 Q0 5753301 1
87181 Q0 5861170 0
87181 Q0 5876723 0
87181 Q0 6129695 0
87181 Q0 6484575 1
87181 Q0 6484576 1
87181 Q0 6484578 0
87181 Q0 6501556 0
87181 Q0 6521360 0
87181 Q0 6521366 1
87181 Q0 652422 0
87181 Q0 6679355 0
87181 Q0 6685092 1
87181 Q0 6774305 0
87181 Q0 6885718 0
87181 Q0 6933976 0
87181 Q0 6969187 0
87181 Q0 6969188 0
87181 Q0 7057928 0
87181 Q0 7112964 0
87181 Q0 7112968 0
87181 Q0 7129011 0
87181 Q0 7139898 0
87181 Q0 7203296 0
87181 Q0 7234773 0
87181 Q0 7255362 0
87181 Q0 7342238 0
87181 Q0 7419035 0
87181 Q0 742425 1
87181 Q0 7526679 1
87181 Q0 753721 1
87181 Q0 7586365 1
87181 Q0 7635830 0
87181 Q0 7666828 0
87181 Q0 7666831 0
87181 Q0 7697583 0
87181 Q0 8032048 0
87181 Q0 8144448 0
87181 Q0 8151919 0
87181 Q0 8151921 0
87181 Q0 8151922 0
87181 Q0 8151926 1
87181 Q0 8165401 1
87181 Q0 8165404 0
87181 Q0 8183982 0
87181 Q0 8246410 0
87181 Q0 8332546 1
87181 Q0 8332547 1
87181 Q0 8332548 0
87181 Q0 8332551 0
87181 Q0 8332553 0
87181 Q0 8332555 1
87181 Q0 8476330 0
87181 Q0 8522403 0
87181 Q0 8534130 1
87181 Q0 8534134 1
87181 Q0 8534135 0
87181 Q0 8534136 0
87181 Q0 8565420 1
87181 Q0 8614360 0
87181 Q0 8664069 0
87181 Q0 8683178 0
87181 Q0 8683181 0
87181 Q0 8683183 1
87181 Q0 8683185 1
87181 Q0 8733975 0
87181 Q0 8738510 0
87181 Q0 8762975 0
87452 Q0 110898 0
87452 Q0 1294588 0
87452 Q0 1395625 0
87452 Q0 1395633 0
87452 Q0 1539432 0
87452 Q0 1621415 0
87452 Q0 1642159 0
87452 Q0 1697677 1
87452 Q0 1697679 0
87452 Q0 1749882 0
87452 Q0 1770630 0
87452 Q0 186931 0
87452 Q0 186939 0
87452 Q0 1875913 0
87452 Q0 1890452 0
87452 Q0 1952268 0
87452 Q0 2026777 0
87452 Q0 2035306 0
87452 Q0 2041638 0
87452 Q0 2041642 0
87452 Q0 2041644 0
87452 Q0 2041645 0
87452 Q0 2052496 0
87452 Q0 2063490 0
87452 Q0 2205470 0
87452 Q0 227211 0
87452 Q0 2312984 0
87452 Q0 2357235 1
87452 Q0 2407664 0
87452 Q0 2588902 0
87452 Q0 2624886 1
87452 Q0 2705839 1
87452 Q0 2918391 0
87452 Q0 3019505 1
87452 Q0 3211632 0
87452 Q0 3242437 1
87452 Q0 3289965 1
87452 Q0 3347349 0
87452 Q0 3430351 0
87452 Q0 3678676 0
87452 Q0 3732121 0
87452 Q0 3761937 0
87452 Q0 3809015 0
87452 Q0 3809017 0
87452 Q0 3872808 0
87452 Q0 3919937 0
87452 Q0 4008487 0
87452 Q0 4008489 0
87452 Q0 4008494 0
87452 Q0 4079788 1
87452 Q0 4096633 0
87452 Q0 4233763 1
87452 Q0 4284131 0
87452 Q0 4307936 0
87452 Q0 434332 0
87452 Q0 434339 0
87452 Q0 4349224 0
87452 Q0 4502603 0
87452 Q0 4541810 0
87452 Q0 4561062 0
87452 Q0 4634899 0
87452 Q0 4654326 0
87452 Q0 4872055 0
87452 Q0 4971349 0
87452 Q0 5031929 0
87452 Q0 5219890 1
87452 Q0 5286924 1
87452 Q0 5290914 0
87452 Q0 5296736 0
87452 Q0 5296738 0
87452 Q0 5338945 0
87452 Q0 5549020 0
87452 Q0 5746165 0
87452 Q0 5746166 0
87452 Q0 5746167 0
87452 Q0 5843404 0
87452 Q0 5851090 0
87452 Q0 6018160 1
87452 Q0 6018163 0
87452 Q0 6018164 1
87452 Q0 6018165 1
87452 Q0 6018166 0
87452 Q0 6018167 0
87452 Q0 6018168 1
87452 Q0 6042747 0
87452 Q0 6271635 1
87452 Q0 6335465 0
87452 Q0 6673729 1
87452 Q0 6873071 1
87452 Q0 7039125 0
87452 Q0 7070552 0
87452 Q0 7070558 0
87452 Q0 7166751 0
87452 Q0 7353355 0
87452 Q0 7353359 1
87452 Q0 7358595 0
87452 Q0 7358596 0
87452 Q0 7476937 1
87452 Q0 7499676 0
87452 Q0 7561798 0
87452 Q0 7561800 1
87452 Q0 7561801 1
87452 Q0 7561803 1
87452 Q0 7843982 0
87452 Q0 7843984 0
87452 Q0 7965004 1
87452 Q0 7965007 1
87452 Q0 7965011 0
87452 Q0 8055174 0
87452 Q0 8081930 0
87452 Q0 8081937 0
87452 Q0 8152220 0
87452 Q0 8152222 0
87452 Q0 8152225 0
87452 Q0 8152227 0
87452 Q0 8289253 0
87452 Q0 8333912 0
87452 Q0 8333916 1
87452 Q0 8333917 1
87452 Q0 8333919 1
87452 Q0 8333920 0
87452 Q0 8333921 0
87452 Q0 8436576 0
87452 Q0 8436577 0
87452 Q0 8436578 0
87452 Q0 8436579 0
87452 Q0 8438483 0
87452 Q0 8441957 0
87452 Q0 849575 0
87452 Q0 8496331 0
87452 Q0 8594768 0
87452 Q0 8664378 0
87452 Q0 8680815 1
87452 Q0 8819111 1
87452 Q0 8819112 0
87452 Q0 8819113 0
87452 Q0 8819114 0
87452 Q0 8819116 1
87452 Q0 945890 0
104861 Q0 1017088 0
104861 Q0 1017092 1
104861 Q0 1046334 1
104861 Q0 1046339 1
104861 Q0 1058521 0
104861 Q0 1058524 1
104861 Q0 1086718 0
104861 Q0 1102999 0
104861 Q0 1112961 0
104861 Q0 11794 0
104861 Q0 120437 1
104861 Q0 1275720 0
104861 Q0 1275721 0
104861 Q0 1275725 0
104861 Q0 1293429 0
104861 Q0 1304628 0
104861 Q0 1304630 0
104861 Q0 1304632 1
104861 Q0 1313687 1
104861 Q0 1357955 1
104861 Q0 1357956 1
104861 Q0 1357957 1
104861 Q0 1357960 0
104861 Q0 1357961 1
104861 Q0 1424216 1
104861 Q0 1442342 0
104861 Q0 1442348 0
104861 Q0 146169 1
104861 Q0 146170 1
104861 Q0 146171 1
104861 Q0 146172 1
104861 Q0 146173 0
104861 Q0 146174 1
104861 Q0 146175 0
104861 Q0 146176 1
104861 Q0 146177 0
104861 Q0 1567102 1
104861 Q0 1567105 0
104861 Q0 1567107 0
104861 Q0 1750439 0
104861 Q0 1767229 0
104861 Q0 1773805 1
104861 Q0 1773807 1
104861 Q0 1811410 1
104861 Q0 1811417 0
104861 Q0 1814642 1
104861 Q0 1821812 0
104861 Q0 1844320 0
104861 Q0 1844324 0
104861 Q0 1892667 0
104861 Q0 1922603 0
104861 Q0 1922608 0
104861 Q0 1922609 0
104861 Q0 1926464 0
104861 Q0 1948963 1
104861 Q0 1977801 0
104861 Q0 1995989 0
104861 Q0 2058725 0
104861 Q0 2078728 0
104861 Q0 2098234 0
104861 Q0 2158194 0
104861 Q0 2202686 0
104861 Q0 2278231 1
104861 Q0 236954 0
104861 Q0 2377050 1
104861 Q0 2545815 0
104861 Q0 2603239 0
104861 Q0 2611066 1
104861 Q0 2612284 0
104861 Q0 2738220 0
104861 Q0 2789466 0
104861 Q0 2908924 0
104861 Q0 2908929 0
104861 Q0 2908930 0
104861 Q0 2908931 0
104861 Q0 2916631 0
104861 Q0 2932634 0
104861 Q0 2934459 0
104861 Q0 2944060 0
104861 Q0 2958127 0
104861 Q0 2958131 0
104861 Q0 2958133 0
104861 Q0 298180 1
104861 Q0 3036828 0
104861 Q0 3036829 0
104861 Q0 3036830 0
104861 Q0 3036832 0
104861 Q0 3036837 0
104861 Q0 3104361 0
104861 Q0 311406 0
104861 Q0 314919 0
104861 Q0 3229912 0
104861 Q0 3251293 0
104861 Q0 3320612 0
104861 Q0 3329746 0
104861 Q0 3353832 0
104861 Q0 3416772 0
104861 Q0 3443173 1
104861 Q0 3443174 0
104861 Q0 3443176 1
104861 Q0 3494387 0
104861 Q0 3534988 0
104861 Q0 3538649 0
104861 Q0 3560539 0
104861 Q0 3560540 0
104861 Q0 363132 0
104861 Q0 3841986 0
104861 Q0 3925933 1
104861 Q0 4017854 1
104861 Q0 4017855 1
104861 Q0 4017856 1
104861 Q0 4017858 1
104861 Q0 4019224 0
104861 Q0 4019226 0
104861 Q0 4043623 0
104861 Q0 409268 0
104861 Q0 409275 0
104861 Q0 4095801 0
104861 Q0 4211234 0
104861 Q0 4223386 0
104861 Q0 4230210 1
104861 Q0 4230213 1
104861 Q0 4350435 0
104861 Q0 4350439 0
104861 Q0 442613 0
104861 Q0 4452306 0
104861 Q0 4580053 0
104861 Q0 459675 1
104861 Q0 459676 1
104861 Q0 4717134 1
104861 Q0 4720305 0
104861 Q0 4724393 0
104861 Q0 4801652 0
104861 Q0 4819155 0
104861 Q0 4930174 0
104861 Q0 4936227 0
104861 Q0 502094 0
104861 Q0 504999 0
104861 Q0 5054793 0
104861 Q0 5073457 0
104861 Q0 5073463 0
104861 Q0 5138467 1
104861 Q0 5138468 1
104861 Q0 5138469 1
104861 Q0 5138470 1
104861 Q0 5138471 1
104861 Q0 5138472 1
104861 Q0 5138473 1
104861 Q0 5138474 1
104861 Q0 5138475 0
104861 Q0 5138476 1
104861 Q0 5150431 1
104861 Q0 5242643 0
104861 Q0 5248340 1
104861 Q0 5248341 1
104861 Q0 5248342 1
104861 Q0 5248343 1
104861 Q0 5248344 1
104861 Q0 5340890 0
104861 Q0 5340891 0
104861 Q0 5347272 0
104861 Q0 5379458 0
104861 Q0 5379464 0
104861 Q0 5394110 1
104861 Q0 5405670 0
104861 Q0 5438823 0
104861 Q0 5438824 0
104861 Q0 5457925 0
104861 Q0 5483490 1
104861 Q0 5582791 0
104861 Q0 5652261 0
104861 Q0 5652262 1
104861 Q0 5652263 1
104861 Q0 5652264 0
104861 Q0 5652265 0
104861 Q0 5652266 1
104861 Q0 5662650 0
104861 Q0 5662654 1
104861 Q0 5666323 0
104861 Q0 5667471 0
104861 Q0 5667474 0
104861 Q0 5667475 1
104861 Q0 5670531 0
104861 Q0 5670532 0
104861 Q0 5685121 0
104861 Q0 5688415 1
104861 Q0 5688416 1
104861 Q0 5688417 1
104861 Q0 5688418 1
104861 Q0 5688420 1
104861 Q0 5688422 0
104861 Q0 5688423 1
104861 Q0 5690192 0
104861 Q0 5690195 0
104861 Q0 5692795 0
104861 Q0 5703400 1
104861 Q0 5703401 1
104861 Q0 5776561 0
104861 Q0 5778133 0
104861 Q0 5785725 0
104861 Q0 5801822 1
104861 Q0 5836442 1
104861 Q0 5836444 0
104861 Q0 5846005 0
104861 Q0 5860996 0
104861 Q0 5864689 0
104861 Q0 5864693 1
104861 Q0 5864695 0
104861 Q0 589626 0
104861 Q0 599604 1
104861 Q0 599606 1
104861 Q0 599609 0
104861 Q0 6008066 0
104861 Q0 6009067 0
104861 Q0 6023998 0
104861 Q0 6056676 0
104861 Q0 6123112 0
104861 Q0 6159998 0
104861 Q0 6187055 1
104861 Q0 6187058 0
104861 Q0 6200735 0
104861 Q0 6202527 0
104861 Q0 6241791 1
104861 Q0 6241793 1
104861 Q0 629270 1
104861 Q0 629274 1
104861 Q0 629275 0
104861 Q0 629276 1
104861 Q0 629277 1
104861 Q0 629278 1
104861 Q0 6346168 0
104861 Q0 6351571 1
104861 Q0 6365866 0
104861 Q0 6369258 0
104861 Q0 6426100 0
104861 Q0 6432076 0
104861 Q0 6436838 0
104861 Q0 6436842 0
104861 Q0 6438806 0
104861 Q0 6454710 0
104861 Q0 6467577 1
104861 Q0 6467578 1
104861 Q0 6467579 1
104861 Q0 6467580 1
104861 Q0 6467581 1
104861 Q0 6467583 1
104861 Q0 6467584 0
104861 Q0 6474570 0
104861 Q0 6518537 0
104861 Q0 6585554 1
104861 Q0 6585562 1
104861 Q0 6644733 0
104861 Q0 6653674 1
104861 Q0 6653675 1
104861 Q0 6653676 0
104861 Q0 6653677 1
104861 Q0 6653678 1
104861 Q0 6653679 0
104861 Q0 6658615 1
104861 Q0 6670009 0
104861 Q0 6704672 1
104861 Q0 6809859 0
104861 Q0 6904991 0
104861 Q0 6904992 1
104861 Q0 6924183 0
104861 Q0 7040231 0
104861 Q0 7056930 0
104861 Q0 715676 1
104861 Q0 7171534 0
104861 Q0 7204473 0
104861 Q0 7204477 1
104861 Q0 7302612 1
104861 Q0 7309133 0
104861 Q0 7342448 0
104861 Q0 7506026 1
104861 Q0 7506027 1
104861 Q0 7506028 0
104861 Q0 7506029 0
104861 Q0 7529229 0
104861 Q0 7589883 0
104861 Q0 7589886 0
104861 Q0 76291 0
104861 Q0 7921008 0
104861 Q0 8056409 0
104861 Q0 8056411 0
104861 Q0 8138536 0
104861 Q0 8141081 0
104861 Q0 8259116 0
104861 Q0 8260035 0
104861 Q0 8260037 0
104861 Q0 8260038 0
104861 Q0 8286089 0
104861 Q0 8307046 0
104861 Q0 8349574 1
104861 Q0 848202 0
104861 Q0 8495099 1
104861 Q0 8516149 0
104861 Q0 8546158 1
104861 Q0 8546159 1
104861 Q0 8546160 1
104861 Q0 8546162 1
104861 Q0 8647858 0
104861 Q0 8748173 1
104861 Q0 8784322 0
104861 Q0 929871 0
104861 Q0 968662 0
130510 Q0 1046258 0
130510 Q0 1110766 0
130510 Q0 1156210 0
130510 Q0 1159414 0
130510 Q0 1211365 0
130510 Q0 1262138 0
130510 Q0 1285561 0
130510 Q0 1481524 0
130510 Q0 1494930 0
130510 Q0 1494931 0
130510 Q0 1494932 0
130510 Q0 1494933 0
130510 Q0 1494934 0
130510 Q0 1494935 1
130510 Q0 1494936 1
130510 Q0 1494937 0
130510 Q0 1494938 1
130510 Q0 1494939 1
130510 Q0 1697724 0
130510 Q0 1799013 0
130510 Q0 1804608 0
130510 Q0 1941397 0
130510 Q0 1963510 0
130510 Q0 203714 0
130510 Q0 2061700 0
130510 Q0 2061702 0
130510 Q0 2061706 0
130510 Q0 2079375 0
130510 Q0 2174992 0
130510 Q0 217594 0
130510 Q0 2490150 0
130510 Q0 2490152 0
130510 Q0 2862518 0
130510 Q0 2862522 0
130510 Q0 2982053 1
130510 Q0 2982054 0
130510 Q0 3163980 0
130510 Q0 338927 0
130510 Q0 3390323 0
130510 Q0 3394642 0
130510 Q0 3573382 0
130510 Q0 3804023 0
130510 Q0 388338 0
130510 Q0 3913778 0
130510 Q0 3995677 0
130510 Q0 4022904 0
130510 Q0 4022909 0
130510 Q0 4189500 0
130510 Q0 4262865 0
130510 Q0 4490071 0
130510 Q0 4528805 0
130510 Q0 4528807 0
130510 Q0 4528808 0
130510 Q0 5022837 0
130510 Q0 5144927 0
130510 Q0 537152 0
130510 Q0 5685706 0
130510 Q0 5731519 0
130510 Q0 5791395 0
130510 Q0 5914270 0
130510 Q0 5930013 0
130510 Q0 5981957 0
130510 Q0 5984054 0
130510 Q0 6055693 0
130510 Q0 617865 0
130510 Q0 6183638 0
130510 Q0 6229732 0
130510 Q0 6229733 0
130510 Q0 6323613 0
130510 Q0 6391770 0
130510 Q0 6418949 0
130510 Q0 6486232 0
130510 Q0 6621100 0
130510 Q0 6763277 0
130510 Q0 6766748 0
130510 Q0 6815300 0
130510 Q0 6862766 0
130510 Q0 6881818 0
130510 Q0 6881820 0
130510 Q0 6881821 0
130510 Q0 6960326 0
130510 Q0 7007667 0
130510 Q0 7079881 0
130510 Q0 7092536 0
130510 Q0 7098470 0
130510 Q0 7125239 0
130510 Q0 7127694 0
130510 Q0 7136329 0
130510 Q0 7136333 0
130510 Q0 7186622 0
130510 Q0 7203252 0
130510 Q0 7386954 0
130510 Q0 7479905 0
130510 Q0 7501557 0
130510 Q0 7501558 0
130510 Q0 7501560 1
130510 Q0 7501562 0
130510 Q0 7501563 0
130510 Q0 7507613 0
130510 Q0 7603931 0
130510 Q0 7671741 0
130510 Q0 769287 0
130510 Q0 7717230 0
130510 Q0 7792405 0
130510 Q0 779340 0
130510 Q0 783662 0
130510 Q0 783665 0
130510 Q0 7861502 0
130510 Q0 79445 0
130510 Q0 799647 1
130510 Q0 8029019 0
130510 Q0 8094068 0
130510 Q0 8180119 0
130510 Q0 8213952 0
130510 Q0 8223834 0
130510 Q0 8287352 0
130510 Q0 8290938 0
130510 Q0 8362399 0
130510 Q0 8391407 0
130510 Q0 8514425 1
130510 Q0 8612902 1
130510 Q0 8612903 1
130510 Q0 8612904 1
130510 Q0 8612905 0
130510 Q0 8612906 1
130510 Q0 8612908 0
130510 Q0 8612909 1
130510 Q0 8612910 1
130510 Q0 8762809 0
130510 Q0 978177 0
130510 Q0 978180 0
130510 Q0 996732 0
130510 Q0 996740 0
131843 Q0 1033903 0
131843 Q0 1116862 0
131843 Q0 1160501 0
131843 Q0 1313466 0
131843 Q0 1398253 0
131843 Q0 14055 1
131843 Q0 1453832 0
131843 Q0 1587424 0
131843 Q0 1733695 0
131843 Q0 1795993 0
131843 Q0 2008201 0
131843 Q0 202309 0
131843 Q0 2041693 0
131843 Q0 2064776 0
131843 Q0 2068929 1
131843 Q0 2080441 0
131843 Q0 2084706 0
131843 Q0 2130346 0
131843 Q0 2141062 0
131843 Q0 2173642 0
131843 Q0 2192100 0
131843 Q0 2193404 0
131843 Q0 2227327 0
131843 Q0 2398676 0
131843 Q0 2518689 0
131843 Q0 2595487 0
131843 Q0 2683747 0
131843 Q0 284784 0
131843 Q0 2943307 0
131843 Q0 3065018 0
131843 Q0 3165709 0
131843 Q0 3173221 0
131843 Q0 3299960 0
131843 Q0 3471976 0
131843 Q0 3727491 0
131843 Q0 3740966 0
131843 Q0 3773270 0
131843 Q0 3801087 0
131843 Q0 3841396 1
131843 Q0 3977555 0
131843 Q0 423033 0
131843 Q0 4290952 0
131843 Q0 4331032 0
131843 Q0 4486193 0
131843 Q0 4574277 0
131843 Q0 4617920 0
131843 Q0 4658868 1
131843 Q0 4735877 0
131843 Q0 4740919 0
131843 Q0 4751877 0
131843 Q0 4853820 0
131843 Q0 5044392 0
131843 Q0 5048193 0
131843 Q0 5260758 0
131843 Q0 5268242 0
131843 Q0 5286902 0
131843 Q0 5366085 0
131843 Q0 5406126 0
131843 Q0 5599902 0
131843 Q0 5599904 0
131843 Q0 5678180 0
131843 Q0 5777617 0
131843 Q0 58233 0
131843 Q0 5854311 0
131843 Q0 5921674 0
131843 Q0 6036658 0
131843 Q0 6038230 0
131843 Q0 6054149 0
131843 Q0 6054151 0
131843 Q0 6740579 0
131843 Q0 683465 0
131843 Q0 6858933 0
131843 Q0 6926607 0
131843 Q0 6973289 0
131843 Q0 7001595 0
131843 Q0 7176532 0
131843 Q0 7275645 0
131843 Q0 7410359 0
131843 Q0 7473330 0
131843 Q0 7487346 0
131843 Q0 7487347 0
131843 Q0 7487352 0
131843 Q0 7591291 0
131843 Q0 7617929 0
131843 Q0 7707868 0
131843 Q0 7777218 0
131843 Q0 7807162 0
131843 Q0 7807170 0
131843 Q0 7811093 0
131843 Q0 7856760 0
131843 Q0 788586 0
131843 Q0 8029271 0
131843 Q0 8044668 0
131843 Q0 8058389 0
131843 Q0 8078900 0
131843 Q0 8078904 0
131843 Q0 8102602 0
131843 Q0 8156986 0
131843 Q0 8257094 0
131843 Q0 8305151 1
131843 Q0 8305152 1
131843 Q0 8305153 1
131843 Q0 8305154 1
131843 Q0 8305155 1
131843 Q0 8305156 1
131843 Q0 8305157 0
131843 Q0 8305158 1
131843 Q0 8316385 0
131843 Q0 8440883 0
131843 Q0 849228 0
131843 Q0 8554765 0
131843 Q0 8621364 0
131843 Q0 8710808 0
131843 Q0 8710809 1
131843 Q0 8710810 0
131843 Q0 8710811 0
131843 Q0 8710812 0
131843 Q0 8710813 1
131843 Q0 8710814 0
131843 Q0 8834196 0
131843 Q0 985988 0
131843 Q0 985989 1
131843 Q0 985990 1
131843 Q0 985991 1
131843 Q0 985992 1
131843 Q0 985993 0
131843 Q0 985994 1
131843 Q0 985995 1
131843 Q0 988472 0
131843 Q0 988473 0
131843 Q0 988474 0
131843 Q0 988476 0
146187 Q0 1028971 0
146187 Q0 1028972 0
146187 Q0 1131101 0
146187 Q0 1138801 0
146187 Q0 1230566 0
146187 Q0 1246346 0
146187 Q0 1254157 0
146187 Q0 1329681 0
146187 Q0 1329682 0
146187 Q0 1369241 0
146187 Q0 1464098 0
146187 Q0 1483042 0
146187 Q0 1505132 0
146187 Q0 1536947 0
146187 Q0 1841192 0
146187 Q0 1841195 0
146187 Q0 1841196 0
146187 Q0 1841197 0
146187 Q0 1944092 0
146187 Q0 1972078 0
146187 Q0 2009634 0
146187 Q0 2009640 0
146187 Q0 2040185 0
146187 Q0 2058706 0
146187 Q0 209474 0
146187 Q0 2226093 0
146187 Q0 2246721 0
146187 Q0 2257806 0
146187 Q0 2261027 0
146187 Q0 2330206 0
146187 Q0 2511620 0
146187 Q0 262494 0
146187 Q0 2857627 0
146187 Q0 3036929 0
146187 Q0 3129298 0
146187 Q0 315525 0
146187 Q0 315526 0
146187 Q0 3193119 0
146187 Q0 3207058 0
146187 Q0 32188 0
146187 Q0 32195 0
146187 Q0 3354935 0
146187 Q0 3615724 0
146187 Q0 3615725 0
146187 Q0 3615731 0
146187 Q0 3758649 0
146187 Q0 3886011 0
146187 Q0 3963185 0
146187 Q0 409930 0
146187 Q0 409933 0
146187 Q0 4178942 0
146187 Q0 4214923 0
146187 Q0 4214925 0
146187 Q0 4227179 0
146187 Q0 425836 0
146187 Q0 4570379 0
146187 Q0 4631167 0
146187 Q0 4741857 0
146187 Q0 4777144 1
146187 Q0 4777145 0
146187 Q0 4777146 0
146187 Q0 4777147 0
146187 Q0 4777148 0
146187 Q0 480353 0
146187 Q0 4887772 0
146187 Q0 4921740 0
146187 Q0 5090006 0
146187 Q0 5206421 0
146187 Q0 5217815 0
146187 Q0 5238595 0
146187 Q0 5332231 0
146187 Q0 5548651 0
146187 Q0 5590506 0
146187 Q0 5590508 0
146187 Q0 5624871 0
146187 Q0 5746033 0
146187 Q0 5929430 0
146187 Q0 5937357 0
146187 Q0 5937360 0
146187 Q0 594649 0
146187 Q0 5952424 0
146187 Q0 5965686 0
146187 Q0 5999108 0
146187 Q0 6015024 0
146187 Q0 6015026 0
146187 Q0 6066658 0
146187 Q0 6082309 0
146187 Q0 6309578 0
146187 Q0 6430258 0
146187 Q0 6430259 0
146187 Q0 6430260 0
146187 Q0 6447372 0
146187 Q0 6447377 0
146187 Q0 6561118 0
146187 Q0 6573190 0
146187 Q0 6658185 0
146187 Q0 6677488 0
146187 Q0 6748421 0
146187 Q0 7019597 0
146187 Q0 7019602 0
146187 Q0 7061638 0
146187 Q0 7095976 0
146187 Q0 7096817 0
146187 Q0 7176957 0
146187 Q0 7306056 0
146187 Q0 7309304 0
146187 Q0 7404796 0
146187 Q0 7405002 0
146187 Q0 744165 0
146187 Q0 744167 0
146187 Q0 744168 0
146187 Q0 744171 0
146187 Q0 7572646 0
146187 Q0 76348 0
146187 Q0 7704674 0
146187 Q0 7704676 0
146187 Q0 7704679 0
146187 Q0 7836296 0
146187 Q0 7956019 0
146187 Q0 8042967 0
146187 Q0 8042971 0
146187 Q0 8042972 0
146187 Q0 8071661 0
146187 Q0 8434617 0
146187 Q0 8434618 1
146187 Q0 8434619 1
146187 Q0 8434620 0
146187 Q0 8434621 0
146187 Q0 8434622 1
146187 Q0 8434623 1
146187 Q0 8434624 1
146187 Q0 8434625 1
146187 Q0 8434626 1
146187 Q0 8480408 0
146187 Q0 8544933 0
146187 Q0 8664004 0
146187 Q0 8792967 0
146187 Q0 8795494 0
148538 Q0 1299824 1
148538 Q0 1299830 0
148538 Q0 1311202 1
148538 Q0 1311204 0
148538 Q0 1311206 0
148538 Q0 1311209 0
148538 Q0 1314489 0
148538 Q0 1384441 1
148538 Q0 1384442 0
148538 Q0 1384446 1
148538 Q0 1384447 1
148538 Q0 1384448 1
148538 Q0 1392971 0
148538 Q0 1392973 0
148538 Q0 1392974 0
148538 Q0 1495660 0
148538 Q0 153920 0
148538 Q0 1559002 1
148538 Q0 1559011 0
148538 Q0 1573498 0
148538 Q0 1736918 0
148538 Q0 1807279 0
148538 Q0 1816663 1
148538 Q0 1828165 1
148538 Q0 1828170 0
148538 Q0 1950974 1
148538 Q0 1950975 0
148538 Q0 1950976 0
148538 Q0 1950977 1
148538 Q0 1950979 0
148538 Q0 1950980 1
148538 Q0 1969518 0
148538 Q0 1969519 1
148538 Q0 1985491 1
148538 Q0 1985494 0
148538 Q0 2061700 0
148538 Q0 2061702 0
148538 Q0 2061706 0
148538 Q0 217588 0
148538 Q0 217594 0
148538 Q0 231452 0
148538 Q0 231453 1
148538 Q0 231455 0
148538 Q0 2368186 0
148538 Q0 245019 0
148538 Q0 2455774 1
148538 Q0 2455776 0
148538 Q0 2643562 1
148538 Q0 2713526 1
148538 Q0 2798938 0
148538 Q0 2915322 0
148538 Q0 2915323 0
148538 Q0 2915327 0
148538 Q0 2951883 0
148538 Q0 3165111 0
148538 Q0 3310962 1
148538 Q0 332400 0
148538 Q0 332401 0
148538 Q0 360949 0
148538 Q0 3701822 0
148538 Q0 377418 0
148538 Q0 3798241 0
148538 Q0 3798247 0
148538 Q0 3836151 0
148538 Q0 388338 0
148538 Q0 3918785 1
148538 Q0 3918787 1
148538 Q0 3969005 0
148538 Q0 3989976 0
148538 Q0 3997733 0
148538 Q0 4046976 0
148538 Q0 4185812 0
148538 Q0 4185814 0
148538 Q0 4264121 1
148538 Q0 4264124 0
148538 Q0 4264127 0
148538 Q0 4264128 0
148538 Q0 4264129 0
148538 Q0 4271667 0
148538 Q0 4282153 0
148538 Q0 4447598 1
148538 Q0 4447601 0
148538 Q0 4490071 0
148538 Q0 4539654 0
148538 Q0 4539657 0
148538 Q0 4539660 0
148538 Q0 4625343 0
148538 Q0 4634425 0
148538 Q0 4902096 1
148538 Q0 4976411 1
148538 Q0 5010072 1
148538 Q0 5020788 0
148538 Q0 5077704 0
148538 Q0 5077705 1
148538 Q0 5077707 0
148538 Q0 512199 0
148538 Q0 5123256 0
148538 Q0 5144927 0
148538 Q0 5171599 0
148538 Q0 5171603 0
148538 Q0 5305311 0
148538 Q0 541655 0
148538 Q0 5567407 0
148538 Q0 5601322 0
148538 Q0 5679983 0
148538 Q0 581145 0
148538 Q0 5825399 0
148538 Q0 5828353 0
148538 Q0 5843047 0
148538 Q0 6090334 0
148538 Q0 615407 0
148538 Q0 6293679 0
148538 Q0 6303284 0
148538 Q0 6434592 1
148538 Q0 644688 0
148538 Q0 6485504 0
148538 Q0 6487981 0
148538 Q0 6508151 0
148538 Q0 6536612 1
148538 Q0 6697437 0
148538 Q0 6704661 0
148538 Q0 6889357 0
148538 Q0 6894608 0
148538 Q0 7129904 0
148538 Q0 7157818 0
148538 Q0 7407803 1
148538 Q0 7407804 0
148538 Q0 7407811 0
148538 Q0 7407812 0
148538 Q0 7496116 0
148538 Q0 7507613 0
148538 Q0 7529434 0
148538 Q0 753805 0
148538 Q0 7548356 0
148538 Q0 7599536 0
148538 Q0 769287 0
148538 Q0 7696389 0
148538 Q0 791676 0
148538 Q0 7916958 0
148538 Q0 811946 0
148538 Q0 8139872 0
148538 Q0 8181574 0
148538 Q0 8181579 0
148538 Q0 8283527 0
148538 Q0 8283528 0
148538 Q0 8283530 0
148538 Q0 8283531 0
148538 Q0 8283532 0
148538 Q0 8710428 0
148538 Q0 8730434 0
148538 Q0 8814767 0
148538 Q0 8835172 0
148538 Q0 958231 0
148538 Q0 985488 0
148538 Q0 985490 0
148538 Q0 985491 0
148538 Q0 985492 1
148538 Q0 985493 0
148538 Q0 985494 1
156493 Q0 1034435 0
156493 Q0 1101607 1
156493 Q0 1113693 0
156493 Q0 1171591 0
156493 Q0 117188 0
156493 Q0 1172283 0
156493 Q0 1172287 0
156493 Q0 1277720 1
156493 Q0 1277721 1
156493 Q0 1277722 1
156493 Q0 1277723 1
156493 Q0 1277724 1
156493 Q0 1277725 1
156493 Q0 1277726 1
156493 Q0 1277727 1
156493 Q0 1277728 1
156493 Q0 1321883 0
156493 Q0 1341656 0
156493 Q0 1347264 0
156493 Q0 1347266 1
156493 Q0 1420608 0
156493 Q0 1464632 0
156493 Q0 1583800 0
156493 Q0 1685650 0
156493 Q0 1788797 0
156493 Q0 1820469 0
156493 Q0 1861640 1
156493 Q0 1861641 0
156493 Q0 1861642 1
156493 Q0 1861645 0
156493 Q0 1939297 0
156493 Q0 1939301 0
156493 Q0 1939302 0
156493 Q0 1960253 0
156493 Q0 1960254 0
156493 Q0 1960255 1
156493 Q0 1960256 0
156493 Q0 1960257 1
156493 Q0 1960259 1
156493 Q0 1960260 1
156493 Q0 1960261 1
156493 Q0 1979598 0
156493 Q0 2115154 0
156493 Q0 2123395 1
156493 Q0 2141938 0
156493 Q0 2154542 0
156493 Q0 2154543 0
156493 Q0 2154545 0
156493 Q0 2154550 0
156493 Q0 2225587 0
156493 Q0 2236388 1
156493 Q0 2236390 0
156493 Q0 2259179 1
156493 Q0 2259180 1
156493 Q0 2259182 1
156493 Q0 2259183 1
156493 Q0 2259184 0
156493 Q0 2259185 0
156493 Q0 2317800 1
156493 Q0 2317802 1
156493 Q0 2317803 0
156493 Q0 2317807 1
156493 Q0 2317808 1
156493 Q0 2361987 0
156493 Q0 2373354 0
156493 Q0 2403231 0
156493 Q0 2403232 0
156493 Q0 2411918 1
156493 Q0 2598786 1
156493 Q0 2598787 1
156493 Q0 2598792 0
156493 Q0 26121 0
156493 Q0 2612486 1
156493 Q0 2612490 1
156493 Q0 2612491 1
156493 Q0 2612492 1
156493 Q0 2612493 1
156493 Q0 26129 1
156493 Q0 2616512 1
156493 Q0 2616514 0
156493 Q0 2616515 0
156493 Q0 2659082 0
156493 Q0 2708304 0
156493 Q0 2708305 0
156493 Q0 2708307 0
156493 Q0 2717163 1
156493 Q0 2717165 0
156493 Q0 2928700 1
156493 Q0 2928702 1
156493 Q0 2928704 1
156493 Q0 2928705 0
156493 Q0 2928706 1
156493 Q0 2928707 1
156493 Q0 293048 0
156493 Q0 293050 0
156493 Q0 2940587 0
156493 Q0 2940589 0
156493 Q0 2944740 0
156493 Q0 2949797 0
156493 Q0 2949801 1
156493 Q0 2949802 1
156493 Q0 3015801 0
156493 Q0 316872 1
156493 Q0 3288595 1
156493 Q0 3288596 1
156493 Q0 3288597 1
156493 Q0 3288598 1
156493 Q0 3288599 1
156493 Q0 3288600 1
156493 Q0 3288601 1
156493 Q0 3288603 1
156493 Q0 3370619 0
156493 Q0 3403643 0
156493 Q0 349637 0
156493 Q0 349638 1
156493 Q0 349641 1
156493 Q0 349642 0
156493 Q0 349643 1
156493 Q0 349645 1
156493 Q0 349646 0
156493 Q0 3603920 1
156493 Q0 3603922 1
156493 Q0 3603923 1
156493 Q0 3635703 0
156493 Q0 3732381 0
156493 Q0 3985474 0
156493 Q0 4131137 0
156493 Q0 4131138 1
156493 Q0 4164310 0
156493 Q0 4264246 0
156493 Q0 4311054 0
156493 Q0 4367826 0
156493 Q0 4369922 1
156493 Q0 4380944 0
156493 Q0 4396055 0
156493 Q0 4400818 0
156493 Q0 4454107 0
156493 Q0 4527706 1
156493 Q0 4527708 0
156493 Q0 4527709 0
156493 Q0 4542584 1
156493 Q0 4571844 0
156493 Q0 4583221 1
156493 Q0 4588174 0
156493 Q0 4588177 0
156493 Q0 4623707 0
156493 Q0 4623709 0
156493 Q0 4623711 0
156493 Q0 4800899 0
156493 Q0 490166 0
156493 Q0 4940228 1
156493 Q0 4940230 1
156493 Q0 4940231 0
156493 Q0 4940234 1
156493 Q0 5009742 0
156493 Q0 5009743 1
156493 Q0 5009744 0
156493 Q0 5022716 0
156493 Q0 5022725 0
156493 Q0 5122743 0
156493 Q0 5202973 0
156493 Q0 5346658 0
156493 Q0 5346660 1
156493 Q0 5434666 0
156493 Q0 5437919 0
156493 Q0 5479185 0
156493 Q0 5506858 0
156493 Q0 5530080 0
156493 Q0 5530082 1
156493 Q0 5549994 0
156493 Q0 5555919 1
156493 Q0 5555924 0
156493 Q0 5640843 0
156493 Q0 5694167 0
156493 Q0 5718745 0
156493 Q0 5752572 0
156493 Q0 5834207 0
156493 Q0 5834209 0
156493 Q0 5877552 0
156493 Q0 59106 0
156493 Q0 6092036 0
156493 Q0 6139380 0
156493 Q0 6139382 1
156493 Q0 6139383 1
156493 Q0 6139386 1
156493 Q0 6139387 1
156493 Q0 6152109 0
156493 Q0 6165998 0
156493 Q0 627302 0
156493 Q0 627307 0
156493 Q0 6302722 0
156493 Q0 6343401 0
156493 Q0 6357270 0
156493 Q0 6456910 0
156493 Q0 6456916 0
156493 Q0 6456917 0
156493 Q0 6464089 0
156493 Q0 6465956 0
156493 Q0 6471884 0
156493 Q0 6492047 0
156493 Q0 6524741 0
156493 Q0 6524746 1
156493 Q0 6536125 0
156493 Q0 6536126 0
156493 Q0 6595537 0
156493 Q0 6669867 0
156493 Q0 6748164 0
156493 Q0 6775071 1
156493 Q0 6775079 0
156493 Q0 6859023 0
156493 Q0 6859026 0
156493 Q0 6859027 0
156493 Q0 6859028 0
156493 Q0 6983817 0
156493 Q0 6983820 0
156493 Q0 6983821 1
156493 Q0 6983822 0
156493 Q0 6983825 0
156493 Q0 7032937 0
156493 Q0 7032938 0
156493 Q0 7055262 1
156493 Q0 7055263 1
156493 Q0 7076180 0
156493 Q0 7076186 0
156493 Q0 7104323 1
156493 Q0 7112226 0
156493 Q0 713983 0
156493 Q0 7346937 0
156493 Q0 7371075 0
156493 Q0 7371077 1
156493 Q0 7371078 1
156493 Q0 7371079 1
156493 Q0 7399606 0
156493 Q0 7431316 1
156493 Q0 750106 0
156493 Q0 750111 1
156493 Q0 7508919 0
156493 Q0 7529416 0
156493 Q0 7529423 0
156493 Q0 7566876 0
156493 Q0 7580418 0
156493 Q0 7610587 0
156493 Q0 7663267 0
156493 Q0 7760653 0
156493 Q0 7768645 0
156493 Q0 7976153 0
156493 Q0 8029433 1
156493 Q0 8029436 0
156493 Q0 8182159 1
156493 Q0 8182160 1
156493 Q0 8182161 1
156493 Q0 8182162 1
156493 Q0 8182165 1
156493 Q0 8182166 1
156493 Q0 8245439 0
156493 Q0 8245441 0
156493 Q0 8245444 1
156493 Q0 8266015 0
156493 Q0 8266017 1
156493 Q0 8273011 1
156493 Q0 8273013 1
156493 Q0 8273015 1
156493 Q0 8273017 1
156493 Q0 8273018 0
156493 Q0 8273019 1
156493 Q0 8277657 0
156493 Q0 8300106 0
156493 Q0 8300112 0
156493 Q0 8300113 0
156493 Q0 8376842 0
156493 Q0 8376847 0
156493 Q0 8393766 1
156493 Q0 8432080 0
156493 Q0 8440633 0
156493 Q0 8697904 0
156493 Q0 8725855 0
156493 Q0 8725858 0
156493 Q0 8725859 0
156493 Q0 8725860 0
156493 Q0 8725862 0
156493 Q0 8803136 1
156493 Q0 8820525 1
156493 Q0 8820526 1
156493 Q0 885944 1
156493 Q0 892005 0
156493 Q0 89620 0
156493 Q0 911791 0
156493 Q0 911794 1
156493 Q0 935827 0
156493 Q0 95512 1
156493 Q0 95513 1
156493 Q0 95514 1
156493 Q0 95515 1
156493 Q0 95517 0
156493 Q0 95518 1
156493 Q0 95519 1
156493 Q0 95521 1
156493 Q0 994482 0
156493 Q0 994486 1
156493 Q0 994488 0
168216 Q0 1011043 0
168216 Q0 1090088 1
168216 Q0 1090089 1
168216 Q0 1090091 0
168216 Q0 1090095 0
168216 Q0 1181393 0
168216 Q0 1183703 0
168216 Q0 1183706 1
168216 Q0 119130 1
168216 Q0 1274194 1
168216 Q0 1301465 1
168216 Q0 1301466 1
168216 Q0 1301467 1
168216 Q0 1301468 1
168216 Q0 1301469 1
168216 Q0 1301470 0
168216 Q0 1301471 1
168216 Q0 1301472 1
168216 Q0 1301473 1
168216 Q0 1301474 1
168216 Q0 13492 0
168216 Q0 13499 1
168216 Q0 1381477 1
168216 Q0 1381482 0
168216 Q0 1389835 0
168216 Q0 141221 0
168216 Q0 141223 0
168216 Q0 141226 0
168216 Q0 1444926 0
168216 Q0 147948 0
168216 Q0 1502302 0
168216 Q0 1508223 0
168216 Q0 1529943 0
168216 Q0 1612625 0
168216 Q0 1651835 0
168216 Q0 1662239 0
168216 Q0 1677023 0
168216 Q0 1677027 1
168216 Q0 1677028 0
168216 Q0 1696466 0
168216 Q0 1735358 1
168216 Q0 1735360 1
168216 Q0 1735365 0
168216 Q0 1757258 0
168216 Q0 1766533 0
168216 Q0 1766535 0
168216 Q0 1779100 0
168216 Q0 1780785 0
168216 Q0 1780787 0
168216 Q0 183192 0
168216 Q0 1832002 0
168216 Q0 1860841 0
168216 Q0 1860843 1
168216 Q0 1860844 0
168216 Q0 1860848 0
168216 Q0 1924796 1
168216 Q0 1924800 1
168216 Q0 1932143 0
168216 Q0 1938663 0
168216 Q0 1957179 0
168216 Q0 1974320 0
168216 Q0 1974321 1
168216 Q0 1974327 0
168216 Q0 1982106 1
168216 Q0 2036276 0
168216 Q0 2036277 0
168216 Q0 2036278 0
168216 Q0 2036279 1
168216 Q0 2036280 0
168216 Q0 2036281 0
168216 Q0 2036282 0
168216 Q0 2036283 1
168216 Q0 2036284 0
168216 Q0 2036285 0
168216 Q0 2069988 1
168216 Q0 2069992 1
168216 Q0 2069995 1
168216 Q0 2085296 0
168216 Q0 2090435 0
168216 Q0 2160685 0
168216 Q0 2160687 0
168216 Q0 2199602 0
168216 Q0 2210772 1
168216 Q0 2210773 0
168216 Q0 2210774 1
168216 Q0 2210775 1
168216 Q0 2210776 0
168216 Q0 2210778 0
168216 Q0 2210780 1
168216 Q0 2265768 0
168216 Q0 2265769 1
168216 Q0 2265771 0
168216 Q0 2265772 1
168216 Q0 2265774 0
168216 Q0 2298018 0
168216 Q0 2303676 0
168216 Q0 2444467 0
168216 Q0 2514500 0
168216 Q0 2514503 0
168216 Q0 25528 0
168216 Q0 25530 0
168216 Q0 2600135 0
168216 Q0 2611845 1
168216 Q0 2651080 0
168216 Q0 2659074 1
168216 Q0 267543 0
168216 Q0 267547 0
168216 Q0 2714956 0
168216 Q0 2735305 1
168216 Q0 27418 0
168216 Q0 2774854 0
168216 Q0 2774855 0
168216 Q0 2774860 1
168216 Q0 2774862 0
168216 Q0 2790904 1
168216 Q0 2806307 1
168216 Q0 2823656 0
168216 Q0 290819 0
168216 Q0 290826 1
168216 Q0 3004214 1
168216 Q0 3018988 0
168216 Q0 3033359 1
168216 Q0 3034378 0
168216 Q0 3034382 0
168216 Q0 3040681 0
168216 Q0 3040682 0
168216 Q0 3087258 0
168216 Q0 3096688 0
168216 Q0 317379 0
168216 Q0 3174832 0
168216 Q0 3174833 0
168216 Q0 3174834 0
168216 Q0 3174836 0
168216 Q0 3174838 0
168216 Q0 3174840 1
168216 Q0 3174841 0
168216 Q0 3198680 1
168216 Q0 3198681 1
168216 Q0 3198682 1
168216 Q0 3198683 1
168216 Q0 3198684 0
168216 Q0 3198685 0
168216 Q0 3198686 1
168216 Q0 3198687 1
168216 Q0 3198689 1
168216 Q0 3284042 0
168216 Q0 3342536 0
168216 Q0 3344828 1
168216 Q0 3344829 0
168216 Q0 3344830 0
168216 Q0 3344832 0
168216 Q0 3344833 0
168216 Q0 3344834 1
168216 Q0 3344835 0
168216 Q0 3344837 1
168216 Q0 3399712 1
168216 Q0 3399713 1
168216 Q0 3399714 0
168216 Q0 3399715 1
168216 Q0 3399716 1
168216 Q0 3399717 1
168216 Q0 3399718 1
168216 Q0 3399719 0
168216 Q0 3399720 0
168216 Q0 3401389 0
168216 Q0 3415208 0
168216 Q0 3463549 0
168216 Q0 3463551 0
168216 Q0 3463552 1
168216 Q0 3463554 0
168216 Q0 3463555 1
168216 Q0 3463556 1
168216 Q0 3496739 0
168216 Q0 3496742 0
168216 Q0 3496743 0
168216 Q0 3507767 0
168216 Q0 3528662 0
168216 Q0 3540200 0
168216 Q0 3552861 0
168216 Q0 3556122 0
168216 Q0 3556745 0
168216 Q0 3670625 0
168216 Q0 3670943 0
168216 Q0 3670949 0
168216 Q0 3681093 0
168216 Q0 3681094 0
168216 Q0 3681095 1
168216 Q0 3681096 0
168216 Q0 3681097 1
168216 Q0 3681098 0
168216 Q0 3681099 1
168216 Q0 3681100 1
168216 Q0 3730141 0
168216 Q0 3788437 0
168216 Q0 3790896 0
168216 Q0 3830854 0
168216 Q0 3830857 1
168216 Q0 385916 0
168216 Q0 385917 0
168216 Q0 385918 0
168216 Q0 385921 0
168216 Q0 3906528 0
168216 Q0 3908773 1
168216 Q0 3908774 1
168216 Q0 3908775 1
168216 Q0 3908776 1
168216 Q0 3908777 1
168216 Q0 3908778 1
168216 Q0 3908779 1
168216 Q0 3908780 0
168216 Q0 3908781 1
168216 Q0 3974534 0
168216 Q0 4073425 0
168216 Q0 4090174 0
168216 Q0 4119829 1
168216 Q0 4152489 0
168216 Q0 4160802 0
168216 Q0 4179862 0
168216 Q0 4191388 0
168216 Q0 4191389 0
168216 Q0 4191390 0
168216 Q0 4191391 1
168216 Q0 4191392 0
168216 Q0 4191393 0
168216 Q0 4191395 1
168216 Q0 4191396 1
168216 Q0 4215272 0
168216 Q0 4215276 1
168216 Q0 4243074 0
168216 Q0 4245217 0
168216 Q0 4245218 1
168216 Q0 4245219 0
168216 Q0 4245221 0
168216 Q0 4245222 0
168216 Q0 4245223 0
168216 Q0 4245224 0
168216 Q0 4255405 0
168216 Q0 4301959 0
168216 Q0 4317150 0
168216 Q0 4324486 0
168216 Q0 4324487 1
168216 Q0 4324491 1
168216 Q0 4324492 1
168216 Q0 4324493 1
168216 Q0 4329739 0
168216 Q0 4461560 0
168216 Q0 4461561 0
168216 Q0 4461562 0
168216 Q0 4481323 0
168216 Q0 4481326 0
168216 Q0 4481331 0
168216 Q0 4493876 0
168216 Q0 4493877 0
168216 Q0 4493878 0
168216 Q0 4493879 0
168216 Q0 4493882 1
168216 Q0 4493883 0
168216 Q0 4493884 0
168216 Q0 4498419 1
168216 Q0 4498420 0
168216 Q0 4498423 1
168216 Q0 4599514 0
168216 Q0 4600607 1
168216 Q0 4600608 1
168216 Q0 4600609 1
168216 Q0 4600610 1
168216 Q0 4624904 0
168216 Q0 4656291 1
168216 Q0 4656297 1
168216 Q0 4713638 0
168216 Q0 4713640 0
168216 Q0 4713641 0
168216 Q0 4721488 0
168216 Q0 4741403 1
168216 Q0 4741406 1
168216 Q0 4741407 0
168216 Q0 4792582 1
168216 Q0 4792583 1
168216 Q0 4875144 0
168216 Q0 4886488 0
168216 Q0 4918399 0
168216 Q0 492722 0
168216 Q0 4935823 0
168216 Q0 4938900 0
168216 Q0 4956407 0
168216 Q0 4959804 0
168216 Q0 5004346 1
168216 Q0 5024306 1
168216 Q0 5024307 1
168216 Q0 5024308 0
168216 Q0 5024309 0
168216 Q0 5024310 0
168216 Q0 5024311 1
168216 Q0 5024312 0
168216 Q0 5024313 0
168216 Q0 5024314 0
168216 Q0 5028470 0
168216 Q0 5029546 0
168216 Q0 504720 0
168216 Q0 504725 0
168216 Q0 5050210 0
168216 Q0 5098832 0
168216 Q0 5114458 1
168216 Q0 5216034 0
168216 Q0 5239348 0
168216 Q0 527409 1
168216 Q0 5293612 0
168216 Q0 5293614 1
168216 Q0 5298477 0
168216 Q0 5298478 0
168216 Q0 5298480 0
168216 Q0 5298481 0
168216 Q0 5298482 0
168216 Q0 5298483 0
168216 Q0 5298484 0
168216 Q0 5298486 0
168216 Q0 5314644 0
168216 Q0 5332126 0
168216 Q0 5336828 0
168216 Q0 5336829 0
168216 Q0 5336830 0
168216 Q0 5346757 0
168216 Q0 5346758 0
168216 Q0 5346759 0
168216 Q0 5370224 0
168216 Q0 5562279 0
168216 Q0 5568759 0
168216 Q0 5657932 1
168216 Q0 5690224 0
168216 Q0 5771045 1
168216 Q0 5880511 0
168216 Q0 5880512 0
168216 Q0 5935472 0
168216 Q0 5935473 0
168216 Q0 5935474 1
168216 Q0 5935476 1
168216 Q0 5935477 1
168216 Q0 5935478 0
168216 Q0 5935479 0
168216 Q0 5947826 0
168216 Q0 6012597 1
168216 Q0 6012598 1
168216 Q0 6012600 1
168216 Q0 6061717 1
168216 Q0 6061718 1
168216 Q0 6061719 1
168216 Q0 6061720 0
168216 Q0 6061721 1
168216 Q0 6061722 1
168216 Q0 6061723 1
168216 Q0 6061724 1
168216 Q0 6061725 0
168216 Q0 6061726 1
168216 Q0 6073041 0
168216 Q0 6169326 0
168216 Q0 6172551 0
168216 Q0 6182732 0
168216 Q0 6199602 0
168216 Q0 6201930 0
168216 Q0 6213322 1
168216 Q0 6213323 1
168216 Q0 6213324 1
168216 Q0 6213325 1
168216 Q0 6213326 1
168216 Q0 6214542 0
168216 Q0 6219117 1
168216 Q0 6219118 1
168216 Q0 6219119 0
168216 Q0 6219120 0
168216 Q0 6219121 0
168216 Q0 6219122 0
168216 Q0 6223984 0
168216 Q0 6223985 0
168216 Q0 6223986 0
168216 Q0 6223987 0
168216 Q0 6223988 0
168216 Q0 6223989 0
168216 Q0 6223990 0
168216 Q0 6231569 0
168216 Q0 6244209 0
168216 Q0 6244216 0
168216 Q0 6244217 0
168216 Q0 6249505 0
168216 Q0 6249506 0
168216 Q0 6249510 0
168216 Q0 6249512 1
168216 Q0 6249513 0
168216 Q0 625087 0
168216 Q0 6264729 1
168216 Q0 6264730 0
168216 Q0 6264731 1
168216 Q0 6264732 1
168216 Q0 6264733 1
168216 Q0 6264734 1
168216 Q0 6264735 1
168216 Q0 6282559 0
168216 Q0 6282560 1
168216 Q0 6282561 1
168216 Q0 6282562 1
168216 Q0 6282563 0
168216 Q0 6282564 1
168216 Q0 6282565 0
168216 Q0 6282566 0
168216 Q0 6282567 1
168216 Q0 6328826 0
168216 Q0 6328832 0
168216 Q0 6329928 0
168216 Q0 6329932 1
168216 Q0 6335248 0
168216 Q0 6426630 1
168216 Q0 6426631 1
168216 Q0 6426632 1
168216 Q0 6426633 1
168216 Q0 6426634 1
168216 Q0 6426635 1
168216 Q0 6426636 1
168216 Q0 6426637 1
168216 Q0 6426638 1
168216 Q0 6457806 0
168216 Q0 6501691 0
168216 Q0 6504674 0
168216 Q0 6542650 0
168216 Q0 6548726 0
168216 Q0 6555034 0
168216 Q0 6584042 1
168216 Q0 6584045 0
168216 Q0 6584046 0
168216 Q0 6584047 0
168216 Q0 6606723 0
168216 Q0 6606728 0
168216 Q0 661750 1
168216 Q0 661753 0
168216 Q0 661757 0
168216 Q0 6643451 1
168216 Q0 6643453 0
168216 Q0 6643454 0
168216 Q0 6643455 0
168216 Q0 6679170 0
168216 Q0 6719975 0
168216 Q0 6784127 0
168216 Q0 6786380 1
168216 Q0 6786381 0
168216 Q0 6796706 0
168216 Q0 6796711 0
168216 Q0 6817965 0
168216 Q0 6827479 0
168216 Q0 6868730 0
168216 Q0 689769 0
168216 Q0 6907143 0
168216 Q0 6944135 0
168216 Q0 6982715 0
168216 Q0 6988262 0
168216 Q0 6988265 0
168216 Q0 6988654 0
168216 Q0 6989580 0
168216 Q0 6996835 1
168216 Q0 7034888 0
168216 Q0 7034890 0
168216 Q0 7034893 0
168216 Q0 7043985 0
168216 Q0 7049039 1
168216 Q0 7130115 0
168216 Q0 7130121 0
168216 Q0 7139368 0
168216 Q0 7139374 0
168216 Q0 7154815 0
168216 Q0 7159297 0
168216 Q0 7295056 0
168216 Q0 7306072 0
168216 Q0 7309812 0
168216 Q0 731200 1
168216 Q0 7337062 0
168216 Q0 7337063 0
168216 Q0 7337064 0
168216 Q0 7337513 1
168216 Q0 7337516 0
168216 Q0 7337517 0
168216 Q0 7337518 1
168216 Q0 7337519 1
168216 Q0 7393108 0
168216 Q0 7393109 0
168216 Q0 7431801 0
168216 Q0 746509 0
168216 Q0 7490446 0
168216 Q0 7492748 1
168216 Q0 7492752 1
168216 Q0 7492753 1
168216 Q0 7492754 1
168216 Q0 7492755 1
168216 Q0 7492756 0
168216 Q0 7494463 0
168216 Q0 7554451 0
168216 Q0 7595676 0
168216 Q0 7595680 0
168216 Q0 7595682 1
168216 Q0 7595684 1
168216 Q0 7620589 0
168216 Q0 762994 0
168216 Q0 7642190 0
168216 Q0 7650565 0
168216 Q0 7682760 0
168216 Q0 7682762 0
168216 Q0 7745780 0
168216 Q0 7798492 0
168216 Q0 7835773 0
168216 Q0 7904622 0
168216 Q0 7917629 0
168216 Q0 8044498 0
168216 Q0 8048968 1
168216 Q0 8048969 0
168216 Q0 8048970 0
168216 Q0 8048971 0
168216 Q0 8048972 0
168216 Q0 8048973 0
168216 Q0 8048974 0
168216 Q0 8048977 0
168216 Q0 8053472 0
168216 Q0 8080259 0
168216 Q0 8114211 0
168216 Q0 8114214 0
168216 Q0 8141128 1
168216 Q0 8175329 0
168216 Q0 8185129 1
168216 Q0 8185131 1
168216 Q0 8185134 1
168216 Q0 8185135 1
168216 Q0 8185137 1
168216 Q0 821622 0
168216 Q0 8224023 0
168216 Q0 8244850 0
168216 Q0 8252757 1
168216 Q0 8252758 0
168216 Q0 8252759 0
168216 Q0 8252760 0
168216 Q0 8252761 1
168216 Q0 8252762 0
168216 Q0 8252763 1
168216 Q0 8252764 1
168216 Q0 826042 0
168216 Q0 826043 0
168216 Q0 8282177 0
168216 Q0 8319214 1
168216 Q0 8319215 1
168216 Q0 8319216 1
168216 Q0 8319218 1
168216 Q0 8320715 0
168216 Q0 8387100 0
168216 Q0 8387102 0
168216 Q0 8400578 0
168216 Q0 8456058 0
168216 Q0 8494353 0
168216 Q0 851272 0
168216 Q0 851276 1
168216 Q0 856274 1
168216 Q0 8614059 0
168216 Q0 8627333 0
168216 Q0 8639627 1
168216 Q0 8639630 1
168216 Q0 8639633 1
168216 Q0 8703263 0
168216 Q0 8723467 1
168216 Q0 8731617 1
168216 Q0 8731618 1
168216 Q0 8731619 0
168216 Q0 8731620 0
168216 Q0 8731621 1
168216 Q0 8731622 1
168216 Q0 8731623 1
168216 Q0 8731624 1
168216 Q0 8731625 1
168216 Q0 8743646 1
168216 Q0 8766386 0
168216 Q0 8766387 1
168216 Q0 8766388 0
168216 Q0 8766389 0
168216 Q0 8766390 0
168216 Q0 8766391 1
168216 Q0 8811121 0
168216 Q0 8820895 0
168216 Q0 903717 0
168216 Q0 938736 0
168216 Q0 997006 0
182539 Q0 1030532 0
182539 Q0 120982 0
182539 Q0 1267246 0
182539 Q0 1284406 0
182539 Q0 1307232 0
182539 Q0 1307234 0
182539 Q0 1307235 1
182539 Q0 133635 0
182539 Q0 139775 0
182539 Q0 1402161 0
182539 Q0 1444135 0
182539 Q0 1638687 0
182539 Q0 1638688 0
182539 Q0 1638689 0
182539 Q0 1638690 0
182539 Q0 1638691 0
182539 Q0 1638694 0
182539 Q0 171653 0
182539 Q0 2092202 0
182539 Q0 2310549 0
182539 Q0 2585437 0
182539 Q0 2623668 0
182539 Q0 2641842 0
182539 Q0 2671959 0
182539 Q0 2751871 0
182539 Q0 2821884 0
182539 Q0 2821885 0
182539 Q0 2909954 0
182539 Q0 2909960 0
182539 Q0 2909961 0
182539 Q0 301839 0
182539 Q0 3040505 0
182539 Q0 3127071 0
182539 Q0 3186471 0
182539 Q0 3198392 0
182539 Q0 3395863 0
182539 Q0 3760957 0
182539 Q0 3760964 0
182539 Q0 3883077 0
182539 Q0 3883081 1
182539 Q0 4027218 0
182539 Q0 429002 0
182539 Q0 4370020 0
182539 Q0 4488475 0
182539 Q0 4573314 0
182539 Q0 4730803 0
182539 Q0 4962101 0
182539 Q0 4998339 0
182539 Q0 5543580 0
182539 Q0 5567729 0
182539 Q0 5567732 0
182539 Q0 5636990 0
182539 Q0 5692901 0
182539 Q0 5701365 0
182539 Q0 57443 1
182539 Q0 57444 0
182539 Q0 57447 0
182539 Q0 57448 0
182539 Q0 57449 1
182539 Q0 57450 0
182539 Q0 57452 0
182539 Q0 5745931 0
182539 Q0 5793580 0
182539 Q0 6037973 0
182539 Q0 6135907 0
182539 Q0 6155089 0
182539 Q0 6155093 0
182539 Q0 6155095 0
182539 Q0 63077 0
182539 Q0 6326180 0
182539 Q0 6349650 0
182539 Q0 6368045 0
182539 Q0 6570493 0
182539 Q0 6596440 0
182539 Q0 6783449 0
182539 Q0 681057 0
182539 Q0 6816571 0
182539 Q0 6816572 0
182539 Q0 6816573 0
182539 Q0 6816574 0
182539 Q0 6816577 0
182539 Q0 6816579 0
182539 Q0 6957819 0
182539 Q0 6957823 0
182539 Q0 6980965 0
182539 Q0 6981225 0
182539 Q0 7111248 0
182539 Q0 711547 0
182539 Q0 7148714 0
182539 Q0 7303730 0
182539 Q0 7371255 1
182539 Q0 7371257 1
182539 Q0 7371259 0
182539 Q0 7371261 0
182539 Q0 7371262 0
182539 Q0 738025 0
182539 Q0 7527837 0
182539 Q0 7579346 0
182539 Q0 7579347 0
182539 Q0 7579349 0
182539 Q0 7579350 0
182539 Q0 7579351 0
182539 Q0 7583024 0
182539 Q0 763288 0
182539 Q0 7637811 0
182539 Q0 7770390 0
182539 Q0 7850108 0
182539 Q0 7919971 0
182539 Q0 7919974 0
182539 Q0 7919976 0
182539 Q0 7984051 0
182539 Q0 8169124 0
182539 Q0 8288561 0
182539 Q0 8299659 0
182539 Q0 8299661 0
182539 Q0 8299665 0
182539 Q0 8299668 0
182539 Q0 8300579 0
182539 Q0 8321156 0
182539 Q0 8515182 1
182539 Q0 8579153 0
182539 Q0 8598792 0
182539 Q0 860931 0
182539 Q0 8757177 0
182539 Q0 8757178 0
182539 Q0 8757179 0
182539 Q0 8757180 0
182539 Q0 8757181 1
182539 Q0 8757182 0
182539 Q0 8757183 0
182539 Q0 8757184 1
182539 Q0 949231 0
183378 Q0 1050571 0
183378 Q0 1087366 0
183378 Q0 1115509 0
183378 Q0 1127571 0
183378 Q0 1239964 1
183378 Q0 1239966 0
183378 Q0 1247358 1
183378 Q0 1289489 1
183378 Q0 1289490 1
183378 Q0 1289492 0
183378 Q0 1289493 1
183378 Q0 1289494 0
183378 Q0 1289495 1
183378 Q0 1289496 1
183378 Q0 1289497 1
183378 Q0 1314299 0
183378 Q0 1357682 0
183378 Q0 1393375 0
183378 Q0 1401314 0
183378 Q0 1497008 0
183378 Q0 1555656 0
183378 Q0 1561158 1
183378 Q0 1566057 1
183378 Q0 1566064 0
183378 Q0 1605672 1
183378 Q0 1605768 1
183378 Q0 1625043 0
183378 Q0 1644613 0
183378 Q0 1678832 0
183378 Q0 1678834 0
183378 Q0 1678836 0
183378 Q0 1678838 0
183378 Q0 1730037 0
183378 Q0 1730040 0
183378 Q0 1730043 0
183378 Q0 1730044 0
183378 Q0 1730858 1
183378 Q0 1750227 1
183378 Q0 1773958 1
183378 Q0 1773959 1
183378 Q0 1795916 0
183378 Q0 1854176 0
183378 Q0 1863147 0
183378 Q0 1865221 0
183378 Q0 1865315 0
183378 Q0 1865316 0
183378 Q0 1886705 0
183378 Q0 19056 0
183378 Q0 1908513 1
183378 Q0 1913447 0
183378 Q0 192535 1
183378 Q0 1960310 1
183378 Q0 2046681 1
183378 Q0 2061700 0
183378 Q0 2061702 0
183378 Q0 2061706 0
183378 Q0 206299 1
183378 Q0 206304 0
183378 Q0 2068968 0
183378 Q0 2089154 0
183378 Q0 2095235 1
183378 Q0 2095237 0
183378 Q0 217594 0
183378 Q0 2203341 0
183378 Q0 2234245 1
183378 Q0 2234247 1
183378 Q0 2272251 0
183378 Q0 229739 0
183378 Q0 229743 0
183378 Q0 229745 0
183378 Q0 2352713 1
183378 Q0 2352716 1
183378 Q0 237976 0
183378 Q0 237979 0
183378 Q0 2382255 0
183378 Q0 2386134 0
183378 Q0 239017 0
183378 Q0 2403808 1
183378 Q0 2403809 0
183378 Q0 2403811 1
183378 Q0 2478813 0
183378 Q0 2485242 0
183378 Q0 2493332 0
183378 Q0 2499861 0
183378 Q0 2499865 0
183378 Q0 2524527 0
183378 Q0 2533256 1
183378 Q0 2533259 0
183378 Q0 2533260 0
183378 Q0 2533262 0
183378 Q0 2557310 0
183378 Q0 256433 0
183378 Q0 2574033 1
183378 Q0 2593965 0
183378 Q0 2623065 0
183378 Q0 2639939 0
183378 Q0 2644128 1
183378 Q0 2644131 1
183378 Q0 2644132 1
183378 Q0 2644601 1
183378 Q0 26660 1
183378 Q0 2674419 0
183378 Q0 2710646 0
183378 Q0 2718563 0
183378 Q0 2725653 0
183378 Q0 2742677 0
183378 Q0 2787780 0
183378 Q0 2874543 1
183378 Q0 2902549 0
183378 Q0 3009378 1
183378 Q0 304958 0
183378 Q0 3093214 1
183378 Q0 3093215 1
183378 Q0 3093217 1
183378 Q0 3093218 1
183378 Q0 3093220 0
183378 Q0 3093222 0
183378 Q0 3113412 0
183378 Q0 3119899 1
183378 Q0 3128361 1
183378 Q0 3128362 1
183378 Q0 3129136 0
183378 Q0 3150335 0
183378 Q0 3156614 1
183378 Q0 3185607 1
183378 Q0 3185609 0
183378 Q0 3185611 1
183378 Q0 324175 0
183378 Q0 3243573 0
183378 Q0 3243575 0
183378 Q0 327908 1
183378 Q0 327909 1
183378 Q0 327910 0
183378 Q0 327912 0
183378 Q0 327913 1
183378 Q0 327914 0
183378 Q0 327917 0
183378 Q0 3362411 0
183378 Q0 3362417 0
183378 Q0 3377749 0
183378 Q0 3389578 1
183378 Q0 3389579 1
183378 Q0 3389580 1
183378 Q0 3389581 1
183378 Q0 3389582 0
183378 Q0 3389583 0
183378 Q0 3389584 1
183378 Q0 3389585 1
183378 Q0 349581 1
183378 Q0 349585 1
183378 Q0 3561703 1
183378 Q0 3561706 0
183378 Q0 3573382 0
183378 Q0 3578563 1
183378 Q0 3605397 0
183378 Q0 3605404 0
183378 Q0 3614551 0
183378 Q0 3617216 0
183378 Q0 3624847 0
183378 Q0 3624848 0
183378 Q0 3662782 0
183378 Q0 371475 1
183378 Q0 3719069 0
183378 Q0 3719076 0
183378 Q0 3752862 0
183378 Q0 376576 0
183378 Q0 3790601 0
183378 Q0 3854211 0
183378 Q0 3854428 1
183378 Q0 3867601 0
183378 Q0 3867603 0
183378 Q0 3867604 0
183378 Q0 388338 0
183378 Q0 3888461 1
183378 Q0 388938 0
183378 Q0 3909768 0
183378 Q0 3917524 0
183378 Q0 3922973 1
183378 Q0 3928768 1
183378 Q0 3947464 0
183378 Q0 3953758 1
183378 Q0 3953760 1
183378 Q0 3976867 0
183378 Q0 3987911 1
183378 Q0 4014207 0
183378 Q0 4034821 1
183378 Q0 4062201 0
183378 Q0 4089637 1
183378 Q0 4089638 0
183378 Q0 4134894 1
183378 Q0 4134895 1
183378 Q0 4134896 1
183378 Q0 4134897 1
183378 Q0 4134899 1
183378 Q0 4134901 1
183378 Q0 4134902 1
183378 Q0 4223863 0
183378 Q0 424997 0
183378 Q0 4285001 0
183378 Q0 4285002 0
183378 Q0 4285004 1
183378 Q0 4285008 0
183378 Q0 4312691 0
183378 Q0 4312697 0
183378 Q0 4325623 0
183378 Q0 4330392 0
183378 Q0 4402556 0
183378 Q0 448707 1
183378 Q0 4490071 0
183378 Q0 4493913 1
183378 Q0 4493914 1
183378 Q0 4493915 1
183378 Q0 4493916 1
183378 Q0 4493917 1
183378 Q0 4493918 1
183378 Q0 4493919 0
183378 Q0 4493920 1
183378 Q0 4493921 1
183378 Q0 4493922 1
183378 Q0 4512308 0
183378 Q0 4552882 0
183378 Q0 4671026 0
183378 Q0 4716324 0
183378 Q0 4727412 1
183378 Q0 4727416 1
183378 Q0 4727417 1
183378 Q0 4727418 1
183378 Q0 4727419 1
183378 Q0 4727421 0
183378 Q0 4803847 1
183378 Q0 4803848 1
183378 Q0 4803850 1
183378 Q0 4803851 0
183378 Q0 4803853 0
183378 Q0 4803854 0
183378 Q0 4803855 0
183378 Q0 4803856 0
183378 Q0 4824883 0
183378 Q0 483411 0
183378 Q0 4835769 0
183378 Q0 4856305 0
183378 Q0 4862063 0
183378 Q0 4883384 0
183378 Q0 4977773 1
183378 Q0 5026678 1
183378 Q0 5026680 1
183378 Q0 5026684 0
183378 Q0 5040199 0
183378 Q0 5064305 0
183378 Q0 5088210 0
183378 Q0 508998 0
183378 Q0 509354 0
183378 Q0 5098266 1
183378 Q0 5144927 0
183378 Q0 5196832 0
183378 Q0 5259281 0
183378 Q0 5260515 1
183378 Q0 5260519 1
183378 Q0 5280054 0
183378 Q0 5318552 0
183378 Q0 5325846 0
183378 Q0 5331361 0
183378 Q0 5335533 0
183378 Q0 5391353 0
183378 Q0 5391354 1
183378 Q0 5391357 0
183378 Q0 5391358 0
183378 Q0 5400140 0
183378 Q0 5420808 0
183378 Q0 5452480 0
183378 Q0 5460936 1
183378 Q0 5460937 0
183378 Q0 5460939 1
183378 Q0 5460941 1
183378 Q0 5462817 0
183378 Q0 5481068 0
183378 Q0 5486284 1
183378 Q0 5534703 1
183378 Q0 5534704 0
183378 Q0 5534707 1
183378 Q0 5534708 0
183378 Q0 5534709 0
183378 Q0 5534710 1
183378 Q0 5534711 1
183378 Q0 5553207 0
183378 Q0 5731099 0
183378 Q0 5760906 1
183378 Q0 5798333 1
183378 Q0 5798338 1
183378 Q0 5807413 0
183378 Q0 5817926 0
183378 Q0 5817927 1
183378 Q0 5824064 0
183378 Q0 58272 0
183378 Q0 58279 0
183378 Q0 58281 0
183378 Q0 5860420 0
183378 Q0 5861577 0
183378 Q0 5861580 0
183378 Q0 5867680 0
183378 Q0 5867683 1
183378 Q0 5867685 0
183378 Q0 5899214 1
183378 Q0 5931994 0
183378 Q0 6096576 0
183378 Q0 6109454 0
183378 Q0 6109459 0
183378 Q0 6109460 1
183378 Q0 6109461 1
183378 Q0 6114693 1
183378 Q0 6134568 0
183378 Q0 6176526 0
183378 Q0 6185861 1
183378 Q0 6220736 1
183378 Q0 6247404 1
183378 Q0 6247405 1
183378 Q0 6291377 0
183378 Q0 6291380 1
183378 Q0 6301977 0
183378 Q0 6338918 0
183378 Q0 6437631 0
183378 Q0 6484763 0
183378 Q0 6533300 1
183378 Q0 6548233 0
183378 Q0 6548235 0
183378 Q0 6626074 0
183378 Q0 6626236 1
183378 Q0 6653851 0
183378 Q0 6653856 0
183378 Q0 676766 0
183378 Q0 678584 0
183378 Q0 6788947 1
183378 Q0 6788949 0
183378 Q0 6846314 0
183378 Q0 6846321 0
183378 Q0 6879259 1
183378 Q0 6880045 0
183378 Q0 6944330 0
183378 Q0 6944335 0
183378 Q0 7039080 0
183378 Q0 7045994 0
183378 Q0 7060842 0
183378 Q0 711450 0
183378 Q0 7128532 1
183378 Q0 7145667 0
183378 Q0 7145668 0
183378 Q0 716319 0
183378 Q0 7212210 0
183378 Q0 7213524 0
183378 Q0 7398706 1
183378 Q0 7448286 0
183378 Q0 7448291 1
183378 Q0 7449743 1
183378 Q0 7449744 1
183378 Q0 7449746 0
183378 Q0 7449747 1
183378 Q0 7449748 1
183378 Q0 7449750 1
183378 Q0 7449751 1
183378 Q0 7449752 1
183378 Q0 749539 1
183378 Q0 749540 1
183378 Q0 749541 0
183378 Q0 749542 1
183378 Q0 749544 0
183378 Q0 749545 0
183378 Q0 749546 0
183378 Q0 749547 1
183378 Q0 749548 0
183378 Q0 7507613 0
183378 Q0 7512749 0
183378 Q0 7640545 0
183378 Q0 7648114 0
183378 Q0 7677968 1
183378 Q0 7677974 0
183378 Q0 7677975 1
183378 Q0 7677976 0
183378 Q0 7678696 1
183378 Q0 769287 0
183378 Q0 7703397 0
183378 Q0 7718047 1
183378 Q0 7718054 1
183378 Q0 7734209 1
183378 Q0 7805473 0
183378 Q0 7811888 1
183378 Q0 7849372 0
183378 Q0 7920165 1
183378 Q0 7952865 0
183378 Q0 7952868 0
183378 Q0 7952869 1
183378 Q0 7969193 0
183378 Q0 8006512 1
183378 Q0 8025018 0
183378 Q0 8079970 0
183378 Q0 8116925 0
183378 Q0 8116929 0
183378 Q0 8121374 0
183378 Q0 8121375 1
183378 Q0 8121377 0
183378 Q0 8121378 0
183378 Q0 8121379 0
183378 Q0 8121380 0
183378 Q0 8154707 0
183378 Q0 8168056 0
183378 Q0 8168374 0
183378 Q0 8177162 0
183378 Q0 8180407 0
183378 Q0 8191188 0
183378 Q0 8192307 1
183378 Q0 8217632 0
183378 Q0 823210 0
183378 Q0 823211 0
183378 Q0 823212 0
183378 Q0 8260787 1
183378 Q0 8381280 1
183378 Q0 8422490 0
183378 Q0 8485658 1
183378 Q0 8488211 0
183378 Q0 8507874 0
183378 Q0 8507876 0
183378 Q0 8507877 0
183378 Q0 8548608 0
183378 Q0 8567665 1
183378 Q0 8567669 0
183378 Q0 8570255 1
183378 Q0 8570256 1
183378 Q0 8570257 1
183378 Q0 8570258 1
183378 Q0 8570259 0
183378 Q0 8570260 1
183378 Q0 8570261 1
183378 Q0 8570262 0
183378 Q0 8570263 1
183378 Q0 8575895 1
183378 Q0 8577215 1
183378 Q0 8577216 0
183378 Q0 8598372 0
183378 Q0 8623015 0
183378 Q0 8767239 1
183378 Q0 8767240 0
183378 Q0 8767241 0
183378 Q0 8779628 0
183378 Q0 8794302 0
183378 Q0 8794303 0
183378 Q0 8794304 1
183378 Q0 8794306 1
183378 Q0 8794307 1
183378 Q0 8794308 1
183378 Q0 914900 1
183378 Q0 914901 1
183378 Q0 950480 0
207786 Q0 1029962 1
207786 Q0 1085406 0
207786 Q0 1275020 0
207786 Q0 13253 0
207786 Q0 1361413 0
207786 Q0 1392577 0
207786 Q0 1392580 0
207786 Q0 1392581 0
207786 Q0 1392585 1
207786 Q0 1401013 0
207786 Q0 1614449 0
207786 Q0 1654357 0
207786 Q0 1765284 0
207786 Q0 1884813 0
207786 Q0 1931368 0
207786 Q0 2051020 0
207786 Q0 2145226 0
207786 Q0 2253657 0
207786 Q0 2322019 0
207786 Q0 2322023 0
207786 Q0 236200 0
207786 Q0 2430032 0
207786 Q0 2467877 0
207786 Q0 2513093 0
207786 Q0 2513097 0
207786 Q0 2565197 0
207786 Q0 2621344 0
207786 Q0 2628326 0
207786 Q0 2763917 1
207786 Q0 294630 0
207786 Q0 2998723 0
207786 Q0 3005378 0
207786 Q0 3005379 0
207786 Q0 3051650 0
207786 Q0 3322533 0
207786 Q0 3352521 0
207786 Q0 3407770 0
207786 Q0 3522830 0
207786 Q0 353692 0
207786 Q0 3564390 0
207786 Q0 3600015 0
207786 Q0 3717766 1
207786 Q0 3717767 0
207786 Q0 3717772 0
207786 Q0 3758118 0
207786 Q0 3773663 0
207786 Q0 3839375 0
207786 Q0 3855673 0
207786 Q0 3931762 0
207786 Q0 3998355 0
207786 Q0 4181531 0
207786 Q0 4218702 0
207786 Q0 4218707 1
207786 Q0 4311442 0
207786 Q0 4322308 0
207786 Q0 4342052 0
207786 Q0 4416679 0
207786 Q0 4486236 0
207786 Q0 458649 0
207786 Q0 4599409 0
207786 Q0 4672265 0
207786 Q0 4759180 0
207786 Q0 4900223 0
207786 Q0 493420 0
207786 Q0 4963372 0
207786 Q0 4978402 0
207786 Q0 4978403 0
207786 Q0 5120776 0
207786 Q0 5120777 0
207786 Q0 5170143 0
207786 Q0 5175108 0
207786 Q0 5175113 0
207786 Q0 521821 0
207786 Q0 5220226 0
207786 Q0 5231750 0
207786 Q0 5288616 0
207786 Q0 5297034 0
207786 Q0 5388266 0
207786 Q0 5415097 0
207786 Q0 5436924 0
207786 Q0 5521301 0
207786 Q0 5545683 0
207786 Q0 5598165 0
207786 Q0 5624831 0
207786 Q0 5804666 0
207786 Q0 6003357 0
207786 Q0 6003360 0
207786 Q0 6031630 0
207786 Q0 6133371 0
207786 Q0 6683523 0
207786 Q0 6736451 0
207786 Q0 6822430 0
207786 Q0 6882359 0
207786 Q0 706241 0
207786 Q0 7124120 0
207786 Q0 7216048 0
207786 Q0 7229815 0
207786 Q0 733092 0
207786 Q0 7413617 0
207786 Q0 7510472 1
207786 Q0 7510473 0
207786 Q0 7599318 0
207786 Q0 7639366 1
207786 Q0 7780968 0
207786 Q0 7808141 0
207786 Q0 7941579 0
207786 Q0 7963301 0
207786 Q0 8049019 0
207786 Q0 805252 0
207786 Q0 8053029 0
207786 Q0 817177 0
207786 Q0 817180 0
207786 Q0 8185061 0
207786 Q0 8185064 0
207786 Q0 8273754 1
207786 Q0 8273755 0
207786 Q0 8273756 0
207786 Q0 8273757 0
207786 Q0 8273758 0
207786 Q0 8273759 0
207786 Q0 8273760 1
207786 Q0 8273761 1
207786 Q0 8273762 1
207786 Q0 8273763 0
207786 Q0 8293151 0
207786 Q0 8367880 0
207786 Q0 8421669 0
207786 Q0 8532111 0
207786 Q0 8610073 0
207786 Q0 8622992 0
207786 Q0 8694439 0
207786 Q0 8724506 0
207786 Q0 8724507 0
207786 Q0 8724508 0
207786 Q0 874678 0
207786 Q0 8819656 0
207786 Q0 8829137 0
264014 Q0 1181075 0
264014 Q0 1181081 0
264014 Q0 1240266 0
264014 Q0 1240268 0
264014 Q0 1240269 0
264014 Q0 125023 0
264014 Q0 1274088 0
264014 Q0 1313263 0
264014 Q0 1444285 0
264014 Q0 1444286 1
264014 Q0 1546910 0
264014 Q0 1546916 0
264014 Q0 1568516 0
264014 Q0 1576442 0
264014 Q0 1610706 1
264014 Q0 1610707 1
264014 Q0 1610709 0
264014 Q0 1610710 1
264014 Q0 1610711 1
264014 Q0 1610712 0
264014 Q0 1610714 0
264014 Q0 1611213 0
264014 Q0 1611215 0
264014 Q0 1611220 0
264014 Q0 1611221 0
264014 Q0 1679460 0
264014 Q0 1702969 1
264014 Q0 1702970 0
264014 Q0 1702971 0
264014 Q0 1702972 0
264014 Q0 1702973 0
264014 Q0 1804644 1
264014 Q0 1873744 0
264014 Q0 1929530 0
264014 Q0 1960396 0
264014 Q0 2089031 1
264014 Q0 2090881 0
264014 Q0 2164136 0
264014 Q0 2173392 0
264014 Q0 2223171 1
264014 Q0 2337592 0
264014 Q0 2412995 0
264014 Q0 2420367 1
264014 Q0 2420368 0
264014 Q0 2438164 0
264014 Q0 2472895 0
264014 Q0 2472898 0
264014 Q0 2474340 1
264014 Q0 2474341 0
264014 Q0 2474342 1
264014 Q0 2474346 1
264014 Q0 2498163 0
264014 Q0 2498164 0
264014 Q0 2498165 0
264014 Q0 2498169 1
264014 Q0 2508577 0
264014 Q0 2526785 0
264014 Q0 2572553 0
264014 Q0 2572557 0
264014 Q0 2612494 0
264014 Q0 2616296 1
264014 Q0 2645227 0
264014 Q0 2688537 0
264014 Q0 2689662 1
264014 Q0 276900 0
264014 Q0 2810700 0
264014 Q0 2841479 0
264014 Q0 2852378 0
264014 Q0 2876956 0
264014 Q0 2876958 0
264014 Q0 2927396 0
264014 Q0 2991665 0
264014 Q0 3105355 0
264014 Q0 3115998 0
264014 Q0 3116002 0
264014 Q0 3201487 0
264014 Q0 3218156 0
264014 Q0 323601 0
264014 Q0 324420 0
264014 Q0 331928 0
264014 Q0 331929 1
264014 Q0 331931 1
264014 Q0 331932 1
264014 Q0 331934 1
264014 Q0 331936 0
264014 Q0 3338819 0
264014 Q0 3338821 1
264014 Q0 3338822 1
264014 Q0 3338824 0
264014 Q0 3338825 1
264014 Q0 3338826 1
264014 Q0 3338827 1
264014 Q0 3338828 1
264014 Q0 3362112 0
264014 Q0 3362699 0
264014 Q0 3372501 1
264014 Q0 3389744 1
264014 Q0 3396076 1
264014 Q0 3396080 0
264014 Q0 343739 0
264014 Q0 3499341 0
264014 Q0 3525790 0
264014 Q0 3577338 1
264014 Q0 3577339 0
264014 Q0 3577340 0
264014 Q0 3577341 1
264014 Q0 3577342 0
264014 Q0 3577343 0
264014 Q0 3577344 1
264014 Q0 3577345 1
264014 Q0 3577347 1
264014 Q0 3601328 0
264014 Q0 3601329 1
264014 Q0 3601330 0
264014 Q0 3601331 0
264014 Q0 3601332 1
264014 Q0 3601333 1
264014 Q0 3601334 0
264014 Q0 3601337 1
264014 Q0 3666583 0
264014 Q0 3666584 0
264014 Q0 3683671 0
264014 Q0 3683674 0
264014 Q0 3720137 0
264014 Q0 3763995 0
264014 Q0 3763996 0
264014 Q0 3835935 1
264014 Q0 3841908 1
264014 Q0 3841909 0
264014 Q0 3841910 1
264014 Q0 3844367 0
264014 Q0 3977555 0
264014 Q0 4016008 1
264014 Q0 4016011 1
264014 Q0 4016017 1
264014 Q0 4021598 0
264014 Q0 4043723 1
264014 Q0 4126497 1
264014 Q0 4134250 0
264014 Q0 4139113 0
264014 Q0 4239608 0
264014 Q0 4239610 0
264014 Q0 4239612 0
264014 Q0 4239616 0
264014 Q0 4259223 0
264014 Q0 4259225 0
264014 Q0 4259227 1
264014 Q0 4367667 1
264014 Q0 4389024 0
264014 Q0 447992 1
264014 Q0 450849 0
264014 Q0 4539746 1
264014 Q0 4566598 0
264014 Q0 4615177 0
264014 Q0 4641915 0
264014 Q0 4641917 1
264014 Q0 4647186 1
264014 Q0 4687213 1
264014 Q0 4710716 0
264014 Q0 4710717 1
264014 Q0 4712433 0
264014 Q0 4754388 0
264014 Q0 4762058 0
264014 Q0 4762063 0
264014 Q0 4790248 0
264014 Q0 4816996 0
264014 Q0 4825862 0
264014 Q0 4825863 1
264014 Q0 4834543 1
264014 Q0 4834544 0
264014 Q0 4834545 0
264014 Q0 4834546 0
264014 Q0 4834547 1
264014 Q0 4834548 1
264014 Q0 4891237 0
264014 Q0 4943879 0
264014 Q0 4970621 0
264014 Q0 4993096 0
264014 Q0 5151339 1
264014 Q0 5269173 1
264014 Q0 528372 1
264014 Q0 528373 0
264014 Q0 528374 0
264014 Q0 528375 1
264014 Q0 528376 1
264014 Q0 528377 0
264014 Q0 528378 0
264014 Q0 528379 0
264014 Q0 528380 1
264014 Q0 528381 1
264014 Q0 5324946 1
264014 Q0 5324948 1
264014 Q0 5328095 1
264014 Q0 5386309 0
264014 Q0 5409962 0
264014 Q0 5424242 0
264014 Q0 5496360 0
264014 Q0 5518647 0
264014 Q0 5518648 0
264014 Q0 552765 1
264014 Q0 5541837 0
264014 Q0 5563402 0
264014 Q0 5563759 0
264014 Q0 5583423 0
264014 Q0 5583424 1
264014 Q0 5583426 0
264014 Q0 5611210 1
264014 Q0 5611211 1
264014 Q0 5611212 1
264014 Q0 5611213 1
264014 Q0 5611214 1
264014 Q0 5611215 1
264014 Q0 5611216 1
264014 Q0 5611217 1
264014 Q0 5611218 1
264014 Q0 5611219 1
264014 Q0 5627206 0
264014 Q0 5635514 0
264014 Q0 5635515 1
264014 Q0 5635516 0
264014 Q0 5635517 1
264014 Q0 5635518 1
264014 Q0 5635519 1
264014 Q0 5635520 0
264014 Q0 5635521 1
264014 Q0 5635522 1
264014 Q0 5635523 0
264014 Q0 5672391 1
264014 Q0 5688727 1
264014 Q0 5688730 1
264014 Q0 5699175 0
264014 Q0 5719682 0
264014 Q0 5780490 1
264014 Q0 5780498 0
264014 Q0 5819142 1
264014 Q0 58384 0
264014 Q0 58385 0
264014 Q0 58386 1
264014 Q0 58387 1
264014 Q0 5849267 1
264014 Q0 5849268 1
264014 Q0 5849270 1
264014 Q0 5849271 1
264014 Q0 5849272 1
264014 Q0 5849274 1
264014 Q0 5849711 1
264014 Q0 5854311 0
264014 Q0 5950718 1
264014 Q0 5950719 1
264014 Q0 5950720 0
264014 Q0 5950721 1
264014 Q0 5950722 1
264014 Q0 5950723 0
264014 Q0 5950724 0
264014 Q0 5950726 1
264014 Q0 605519 0
264014 Q0 6098526 0
264014 Q0 6105566 1
264014 Q0 6105567 0
264014 Q0 6105568 1
264014 Q0 6105569 1
264014 Q0 6105571 1
264014 Q0 6105572 1
264014 Q0 6126984 0
264014 Q0 6136168 0
264014 Q0 6153519 0
264014 Q0 6157971 0
264014 Q0 6164853 0
264014 Q0 6198286 0
264014 Q0 6198294 1
264014 Q0 6198295 1
264014 Q0 6236828 0
264014 Q0 6303771 0
264014 Q0 631867 0
264014 Q0 6321354 0
264014 Q0 6333839 1
264014 Q0 6333841 0
264014 Q0 6334964 1
264014 Q0 6334966 0
264014 Q0 6337909 0
264014 Q0 6350210 0
264014 Q0 6370026 0
264014 Q0 6413944 1
264014 Q0 6413947 0
264014 Q0 6413949 0
264014 Q0 6413950 1
264014 Q0 6413951 1
264014 Q0 6501719 0
264014 Q0 6501722 0
264014 Q0 6501723 0
264014 Q0 6523463 0
264014 Q0 6555321 1
264014 Q0 6555322 1
264014 Q0 6571168 0
264014 Q0 6598119 0
264014 Q0 66151 0
264014 Q0 6616555 0
264014 Q0 6641238 1
264014 Q0 6641241 1
264014 Q0 6641244 0
264014 Q0 6645737 0
264014 Q0 6773914 1
264014 Q0 6773920 1
264014 Q0 6791755 0
264014 Q0 6791757 1
264014 Q0 6791760 1
264014 Q0 680851 0
264014 Q0 682652 0
264014 Q0 684615 0
264014 Q0 684616 1
264014 Q0 684618 1
264014 Q0 684621 1
264014 Q0 684622 1
264014 Q0 7196300 0
264014 Q0 7313943 0
264014 Q0 7323462 1
264014 Q0 7323463 1
264014 Q0 7323466 1
264014 Q0 7323467 1
264014 Q0 7323468 1
264014 Q0 7323469 0
264014 Q0 7323470 1
264014 Q0 7323471 1
264014 Q0 7326824 0
264014 Q0 7326828 0
264014 Q0 7326829 0
264014 Q0 7326932 1
264014 Q0 7326933 1
264014 Q0 7326934 1
264014 Q0 7326935 0
264014 Q0 7326936 1
264014 Q0 7331598 0
264014 Q0 7428006 0
264014 Q0 7473330 0
264014 Q0 7679721 0
264014 Q0 7775306 0
264014 Q0 7809272 0
264014 Q0 7827444 0
264014 Q0 7830612 0
264014 Q0 7906002 0
264014 Q0 7910956 0
264014 Q0 7938084 0
264014 Q0 8008357 0
264014 Q0 8008359 0
264014 Q0 8012101 1
264014 Q0 8012103 1
264014 Q0 814520 0
264014 Q0 8193531 0
264014 Q0 8274727 0
264014 Q0 8313604 0
264014 Q0 8332126 0
264014 Q0 8332127 1
264014 Q0 8344953 0
264014 Q0 8368472 0
264014 Q0 838341 0
264014 Q0 8434168 0
264014 Q0 8434173 0
264014 Q0 8449002 0
264014 Q0 8480107 0
264014 Q0 8502491 0
264014 Q0 8531384 0
264014 Q0 8555145 0
264014 Q0 857191 0
264014 Q0 8608903 1
264014 Q0 8608908 1
264014 Q0 8631617 0
264014 Q0 8760488 1
264014 Q0 8784890 0
264014 Q0 8801656 0
264014 Q0 8801661 1
264014 Q0 924740 0
264014 Q0 935825 1
264014 Q0 945640 0
264014 Q0 96851 1
264014 Q0 96852 0
264014 Q0 96853 0
264014 Q0 96854 0
264014 Q0 96855 1
264014 Q0 96856 0
264014 Q0 96857 1
264014 Q0 96858 1
264014 Q0 96859 0
359349 Q0 1394085 0
359349 Q0 1394086 0
359349 Q0 1394087 1
359349 Q0 1394088 0
359349 Q0 15799 0
359349 Q0 15803 0
359349 Q0 15804 0
359349 Q0 15807 0
359349 Q0 1622452 0
359349 Q0 1830509 0
359349 Q0 1830512 1
359349 Q0 1830515 0
359349 Q0 1830516 1
359349 Q0 1830517 1
359349 Q0 1935183 0
359349 Q0 1979828 0
359349 Q0 1979830 0
359349 Q0 1979833 0
359349 Q0 205472 0
359349 Q0 2259902 0
359349 Q0 2259905 0
359349 Q0 2293818 0
359349 Q0 2293820 1
359349 Q0 2434861 0
359349 Q0 2490389 0
359349 Q0 2826509 0
359349 Q0 2826510 1
359349 Q0 2826511 0
359349 Q0 2826512 0
359349 Q0 2826513 0
359349 Q0 2851752 0
359349 Q0 3126806 0
359349 Q0 3176543 0
359349 Q0 3176544 0
359349 Q0 3176546 0
359349 Q0 3193824 1
359349 Q0 3193825 0
359349 Q0 3215627 0
359349 Q0 3223831 1
359349 Q0 3223832 0
359349 Q0 3223833 1
359349 Q0 3265497 0
359349 Q0 3265498 0
359349 Q0 3265504 0
359349 Q0 3645754 0
359349 Q0 3645755 0
359349 Q0 3739664 0
359349 Q0 3739666 0
359349 Q0 3900185 1
359349 Q0 3977555 0
359349 Q0 4013718 0
359349 Q0 4013723 1
359349 Q0 4020470 1
359349 Q0 4020471 0
359349 Q0 4020472 0
359349 Q0 4020474 0
359349 Q0 4020475 0
359349 Q0 4020476 0
359349 Q0 4020477 1
359349 Q0 4020478 0
359349 Q0 4020479 0
359349 Q0 4087265 0
359349 Q0 4185530 0
359349 Q0 4344098 0
359349 Q0 4344099 0
359349 Q0 4344100 0
359349 Q0 4344101 0
359349 Q0 4463574 0
359349 Q0 4474871 0
359349 Q0 4474872 0
359349 Q0 4551559 0
359349 Q0 457673 1
359349 Q0 4624153 0
359349 Q0 4738155 0
359349 Q0 4816996 0
359349 Q0 5219974 0
359349 Q0 5248756 0
359349 Q0 5345720 0
359349 Q0 5547389 0
359349 Q0 5615180 0
359349 Q0 5615181 1
359349 Q0 5615187 0
359349 Q0 576627 0
359349 Q0 576628 1
359349 Q0 576629 1
359349 Q0 576630 0
359349 Q0 576632 0
359349 Q0 576635 0
359349 Q0 5773714 0
359349 Q0 5806106 0
359349 Q0 5806110 0
359349 Q0 5854311 0
359349 Q0 6031049 0
359349 Q0 6108721 1
359349 Q0 6113312 0
359349 Q0 6113313 0
359349 Q0 6113314 0
359349 Q0 6226412 0
359349 Q0 6412425 0
359349 Q0 6440028 0
359349 Q0 6440029 0
359349 Q0 6549384 0
359349 Q0 6751857 0
359349 Q0 682652 0
359349 Q0 6834175 0
359349 Q0 68647 1
359349 Q0 68648 1
359349 Q0 68649 1
359349 Q0 68650 0
359349 Q0 68653 1
359349 Q0 68656 0
359349 Q0 6873860 0
359349 Q0 7062669 0
359349 Q0 7062670 0
359349 Q0 7062671 0
359349 Q0 7277971 0
359349 Q0 7579883 0
359349 Q0 7857631 0
359349 Q0 792264 0
359349 Q0 8058867 1
359349 Q0 8058868 0
359349 Q0 8058869 0
359349 Q0 8058873 1
359349 Q0 8167110 0
359349 Q0 8167111 0
359349 Q0 8167114 0
359349 Q0 838341 0
359349 Q0 8398222 0
359349 Q0 8398223 0
359349 Q0 8456698 0
359349 Q0 8502520 0
359349 Q0 8547674 0
359349 Q0 8748954 0
359349 Q0 8811558 0
359349 Q0 885427 0
359349 Q0 924740 0
359349 Q0 943229 1
359349 Q0 943235 0
359349 Q0 943237 0
405717 Q0 1111371 0
405717 Q0 1111372 0
405717 Q0 1111375 0
405717 Q0 1538943 0
405717 Q0 1538949 0
405717 Q0 1589738 0
405717 Q0 1594706 0
405717 Q0 1619423 0
405717 Q0 1849743 0
405717 Q0 1984962 0
405717 Q0 2089 0
405717 Q0 2125637 0
405717 Q0 2125641 0
405717 Q0 2354132 0
405717 Q0 2365659 0
405717 Q0 2365660 0
405717 Q0 2365661 0
405717 Q0 2365663 0
405717 Q0 2365665 0
405717 Q0 2514107 0
405717 Q0 2642838 0
405717 Q0 2702419 0
405717 Q0 2702423 0
405717 Q0 2702426 0
405717 Q0 273851 0
405717 Q0 2747484 0
405717 Q0 2747485 0
405717 Q0 2747486 0
405717 Q0 2747488 0
405717 Q0 2747491 0
405717 Q0 2747492 0
405717 Q0 2759862 0
405717 Q0 2768521 0
405717 Q0 28365 0
405717 Q0 2879959 0
405717 Q0 2879960 0
405717 Q0 2879964 0
405717 Q0 3007835 0
405717 Q0 3007837 0
405717 Q0 3033898 0
405717 Q0 3033900 1
405717 Q0 3033903 0
405717 Q0 3033904 0
405717 Q0 3033905 0
405717 Q0 3033907 0
405717 Q0 305214 0
405717 Q0 3274915 0
405717 Q0 3274918 0
405717 Q0 3514259 0
405717 Q0 3730200 0
405717 Q0 3986303 0
405717 Q0 3986305 0
405717 Q0 3986307 0
405717 Q0 3986308 0
405717 Q0 3986309 0
405717 Q0 4196816 0
405717 Q0 4212551 0
405717 Q0 4418059 0
405717 Q0 4489661 0
405717 Q0 4489666 0
405717 Q0 4704975 0
405717 Q0 4704978 1
405717 Q0 4776926 0
405717 Q0 4828118 1
405717 Q0 4904116 0
405717 Q0 506336 0
405717 Q0 5079482 1
405717 Q0 5079484 0
405717 Q0 5079486 0
405717 Q0 5079487 0
405717 Q0 5110256 0
405717 Q0 5219521 0
405717 Q0 5274649 0
405717 Q0 5428443 0
405717 Q0 5428444 0
405717 Q0 5615458 0
405717 Q0 5638740 0
405717 Q0 5641165 0
405717 Q0 5668741 0
405717 Q0 5690233 0
405717 Q0 5690234 0
405717 Q0 5690236 0
405717 Q0 5690237 0
405717 Q0 5690238 0
405717 Q0 5690239 0
405717 Q0 5690240 0
405717 Q0 576346 0
405717 Q0 6019053 0
405717 Q0 6020673 0
405717 Q0 619037 0
405717 Q0 6419725 0
405717 Q0 6426483 0
405717 Q0 6442862 0
405717 Q0 659101 0
405717 Q0 6654653 0
405717 Q0 6654655 0
405717 Q0 6678050 0
405717 Q0 6786303 0
405717 Q0 6786304 0
405717 Q0 6917254 0
405717 Q0 702383 0
405717 Q0 702386 0
405717 Q0 702391 0
405717 Q0 7170625 0
405717 Q0 7170626 0
405717 Q0 7170629 0
405717 Q0 7170630 0
405717 Q0 7170631 0
405717 Q0 7201359 0
405717 Q0 7201361 0
405717 Q0 7259325 0
405717 Q0 7288996 0
405717 Q0 7442727 0
405717 Q0 7447941 0
405717 Q0 7447942 0
405717 Q0 7447943 0
405717 Q0 7464807 0
405717 Q0 758582 0
405717 Q0 758586 0
405717 Q0 7631901 0
405717 Q0 7727353 0
405717 Q0 7728831 1
405717 Q0 7817131 0
405717 Q0 7896210 0
405717 Q0 7896211 1
405717 Q0 7896212 0
405717 Q0 7965240 0
405717 Q0 8156519 1
405717 Q0 8272571 0
405717 Q0 8433852 0
405717 Q0 8433854 0
405717 Q0 8433856 0
405717 Q0 8433857 0
405717 Q0 8433858 0
405717 Q0 846414 0
405717 Q0 84778 0
405717 Q0 8532416 0
405717 Q0 8610271 0
405717 Q0 8792407 0
405717 Q0 931517 0
405717 Q0 947024 0
405717 Q0 963392 0
405717 Q0 963395 0
405717 Q0 963396 0
443396 Q0 1055834 1
443396 Q0 1055835 1
443396 Q0 1061980 0
443396 Q0 1091609 0
443396 Q0 1091614 0
443396 Q0 1365634 0
443396 Q0 1365639 0
443396 Q0 1365641 0
443396 Q0 1371893 0
443396 Q0 1386591 0
443396 Q0 1386596 0
443396 Q0 1455924 0
443396 Q0 1457146 0
443396 Q0 1465664 0
443396 Q0 1465667 0
443396 Q0 179830 0
443396 Q0 1871319 0
443396 Q0 2007121 0
443396 Q0 2038000 0
443396 Q0 2130373 1
443396 Q0 2130375 1
443396 Q0 2130381 1
443396 Q0 2169377 0
443396 Q0 2282017 0
443396 Q0 2349193 0
443396 Q0 2490482 0
443396 Q0 2671287 0
443396 Q0 2733683 0
443396 Q0 2733689 0
443396 Q0 286498 0
443396 Q0 2871009 0
443396 Q0 2871013 0
443396 Q0 2871447 0
443396 Q0 2876232 0
443396 Q0 289513 0
443396 Q0 2976738 0
443396 Q0 2976740 0
443396 Q0 2976741 0
443396 Q0 3007982 0
443396 Q0 3117623 0
443396 Q0 3222557 0
443396 Q0 3323246 0
443396 Q0 3440848 1
443396 Q0 3440849 0
443396 Q0 3440850 1
443396 Q0 3440851 1
443396 Q0 3440853 1
443396 Q0 3440854 0
443396 Q0 3519033 0
443396 Q0 3526407 0
443396 Q0 3526411 0
443396 Q0 355277 0
443396 Q0 3617225 0
443396 Q0 368001 0
443396 Q0 3721948 1
443396 Q0 4052112 0
443396 Q0 4205261 1
443396 Q0 4205264 0
443396 Q0 4205265 1
443396 Q0 4452727 0
443396 Q0 4513336 1
443396 Q0 4513339 1
443396 Q0 4513342 1
443396 Q0 4526747 0
443396 Q0 453706 0
443396 Q0 4565615 1
443396 Q0 456708 0
443396 Q0 456710 0
443396 Q0 456712 0
443396 Q0 457791 0
443396 Q0 4600638 0
443396 Q0 4633352 0
443396 Q0 4708168 0
443396 Q0 4774806 0
443396 Q0 4792649 0
443396 Q0 4792650 0
443396 Q0 4792652 1
443396 Q0 4792656 0
443396 Q0 4792657 1
443396 Q0 483935 0
443396 Q0 4864260 0
443396 Q0 4879056 0
443396 Q0 4900486 0
443396 Q0 5027088 0
443396 Q0 5048839 0
443396 Q0 5048840 0
443396 Q0 5048842 0
443396 Q0 5053511 0
443396 Q0 5054292 0
443396 Q0 5065439 0
443396 Q0 5142387 0
443396 Q0 5308674 0
443396 Q0 5444257 0
443396 Q0 5447938 0
443396 Q0 5460399 0
443396 Q0 5503972 1
443396 Q0 5515426 0
443396 Q0 6096578 1
443396 Q0 6346929 0
443396 Q0 6374053 0
443396 Q0 6397543 0
443396 Q0 6449327 1
443396 Q0 6555770 1
443396 Q0 6555771 1
443396 Q0 6555772 1
443396 Q0 6555773 1
443396 Q0 6555774 1
443396 Q0 6555775 0
443396 Q0 6555776 1
443396 Q0 6555778 1
443396 Q0 6555779 1
443396 Q0 6639382 0
443396 Q0 6717682 0
443396 Q0 674091 0
443396 Q0 6743157 1
443396 Q0 6941089 0
443396 Q0 6953654 0
443396 Q0 7054522 0
443396 Q0 706688 0
443396 Q0 7116091 1
443396 Q0 7231589 0
443396 Q0 7251120 0
443396 Q0 725938 0
443396 Q0 725939 1
443396 Q0 725940 1
443396 Q0 725941 0
443396 Q0 725942 1
443396 Q0 725943 0
443396 Q0 725944 1
443396 Q0 725945 0
443396 Q0 725947 1
443396 Q0 7259659 0
443396 Q0 7305588 0
443396 Q0 7422742 0
443396 Q0 7519443 0
443396 Q0 7519448 0
443396 Q0 7620278 0
443396 Q0 7656427 1
443396 Q0 7706389 0
443396 Q0 7708932 1
443396 Q0 7708933 0
443396 Q0 7708934 1
443396 Q0 7708935 1
443396 Q0 7708936 1
443396 Q0 7708937 1
443396 Q0 7708938 1
443396 Q0 7708939 0
443396 Q0 7748070 0
443396 Q0 7890878 0
443396 Q0 7890882 0
443396 Q0 7922077 0
443396 Q0 7979502 0
443396 Q0 8077405 0
443396 Q0 8079039 1
443396 Q0 8079040 0
443396 Q0 8079042 0
443396 Q0 8079043 1
443396 Q0 8079046 0
443396 Q0 8152556 0
443396 Q0 8171402 0
443396 Q0 8219031 1
443396 Q0 8235587 0
443396 Q0 8416862 0
443396 Q0 8441048 0
443396 Q0 8536118 1
443396 Q0 8536121 1
443396 Q0 8536122 1
443396 Q0 8536123 1
443396 Q0 8693530 0
443396 Q0 8693532 0
443396 Q0 8760085 1
443396 Q0 8760090 0
443396 Q0 8769481 0
443396 Q0 8769489 0
443396 Q0 8769905 0
443396 Q0 8769907 1
443396 Q0 8769908 1
443396 Q0 8769911 1
443396 Q0 8790078 1
443396 Q0 8790079 1
443396 Q0 8790080 1
443396 Q0 8790081 1
443396 Q0 8790082 1
443396 Q0 8790083 1
443396 Q0 8790084 1
443396 Q0 8790085 1
443396 Q0 8790086 1
443396 Q0 8793491 0
451602 Q0 103181 1
451602 Q0 1078132 0
451602 Q0 1078134 0
451602 Q0 1094131 1
451602 Q0 1094132 1
451602 Q0 1094139 0
451602 Q0 1096342 1
451602 Q0 1211642 1
451602 Q0 1211643 1
451602 Q0 1211647 1
451602 Q0 124065 0
451602 Q0 1251646 1
451602 Q0 1277289 0
451602 Q0 1277290 1
451602 Q0 1343863 0
451602 Q0 1345709 1
451602 Q0 1373769 1
451602 Q0 1379712 0
451602 Q0 1487899 0
451602 Q0 1542548 1
451602 Q0 1554231 1
451602 Q0 1580615 1
451602 Q0 1640289 0
451602 Q0 1732923 0
451602 Q0 1732924 0
451602 Q0 1836258 0
451602 Q0 1868905 0
451602 Q0 1897978 1
451602 Q0 1897981 1
451602 Q0 2031662 1
451602 Q0 2065190 1
451602 Q0 2084909 0
451602 Q0 2133671 1
451602 Q0 2142558 0
451602 Q0 2164297 0
451602 Q0 2176450 0
451602 Q0 2176453 0
451602 Q0 2176454 0
451602 Q0 2176455 1
451602 Q0 2176458 0
451602 Q0 2176459 0
451602 Q0 2231421 0
451602 Q0 2231589 0
451602 Q0 2244882 0
451602 Q0 2329895 1
451602 Q0 23565 0
451602 Q0 2382274 0
451602 Q0 2382279 0
451602 Q0 2382280 0
451602 Q0 2383971 0
451602 Q0 2414919 1
451602 Q0 2482418 0
451602 Q0 2486936 1
451602 Q0 2618829 0
451602 Q0 264875 0
451602 Q0 264876 0
451602 Q0 264881 1
451602 Q0 2671181 1
451602 Q0 2785222 0
451602 Q0 2785223 0
451602 Q0 2796545 0
451602 Q0 2922141 0
451602 Q0 2922142 0
451602 Q0 2922145 0
451602 Q0 2922147 0
451602 Q0 2922148 1
451602 Q0 3052114 0
451602 Q0 3090663 0
451602 Q0 3090664 0
451602 Q0 3090666 0
451602 Q0 3090667 1
451602 Q0 3090672 0
451602 Q0 3177691 1
451602 Q0 3177692 0
451602 Q0 3234481 0
451602 Q0 3509960 0
451602 Q0 3602215 1
451602 Q0 362771 1
451602 Q0 362780 1
451602 Q0 3781323 1
451602 Q0 3781331 0
451602 Q0 3790251 1
451602 Q0 384317 1
451602 Q0 3877256 0
451602 Q0 4061142 1
451602 Q0 4176454 0
451602 Q0 4233760 1
451602 Q0 4345752 0
451602 Q0 4352596 1
451602 Q0 4352597 1
451602 Q0 4352600 1
451602 Q0 436291 1
451602 Q0 4380277 0
451602 Q0 4453598 0
451602 Q0 4453605 0
451602 Q0 4467811 1
451602 Q0 4487185 0
451602 Q0 4495080 1
451602 Q0 4578310 1
451602 Q0 4798722 0
451602 Q0 4798729 1
451602 Q0 4863797 1
451602 Q0 4863800 1
451602 Q0 4874640 1
451602 Q0 4874642 0
451602 Q0 4874643 0
451602 Q0 4874644 0
451602 Q0 4985343 0
451602 Q0 5008865 0
451602 Q0 508601 0
451602 Q0 5122675 1
451602 Q0 5179251 1
451602 Q0 521666 0
451602 Q0 5241633 0
451602 Q0 5320781 0
451602 Q0 5451777 1
451602 Q0 5475308 0
451602 Q0 5538936 0
451602 Q0 5538938 0
451602 Q0 5538942 1
451602 Q0 5655693 0
451602 Q0 5661134 1
451602 Q0 5913111 0
451602 Q0 5915191 0
451602 Q0 601510 1
451602 Q0 6149891 1
451602 Q0 6158710 1
451602 Q0 6171396 1
451602 Q0 6286973 0
451602 Q0 6286974 1
451602 Q0 6286975 1
451602 Q0 6286976 1
451602 Q0 6286977 1
451602 Q0 6286978 1
451602 Q0 6286979 1
451602 Q0 6286980 0
451602 Q0 6286981 1
451602 Q0 6286982 1
451602 Q0 631383 1
451602 Q0 638673 0
451602 Q0 6454936 0
451602 Q0 6587791 1
451602 Q0 6618756 1
451602 Q0 6618758 0
451602 Q0 6618759 0
451602 Q0 6618763 1
451602 Q0 6639625 0
451602 Q0 6697737 0
451602 Q0 678179 1
451602 Q0 6824692 1
451602 Q0 6824695 1
451602 Q0 6827517 1
451602 Q0 6942418 1
451602 Q0 6942790 1
451602 Q0 7012102 0
451602 Q0 7127634 1
451602 Q0 7172679 1
451602 Q0 7179468 1
451602 Q0 7179473 1
451602 Q0 7210883 0
451602 Q0 7232293 0
451602 Q0 7232295 0
451602 Q0 7315074 0
451602 Q0 7326276 0
451602 Q0 7403459 0
451602 Q0 7428019 0
451602 Q0 7428020 1
451602 Q0 7428021 0
451602 Q0 7444911 1
451602 Q0 7510020 0
451602 Q0 7558643 0
451602 Q0 7574511 0
451602 Q0 7666413 0
451602 Q0 7693252 1
451602 Q0 7784294 0
451602 Q0 7792099 0
451602 Q0 7792100 0
451602 Q0 7800959 1
451602 Q0 7800961 0
451602 Q0 7800962 0
451602 Q0 7800963 0
451602 Q0 7859334 0
451602 Q0 7871479 1
451602 Q0 8019873 0
451602 Q0 8047626 1
451602 Q0 8214451 0
451602 Q0 8214452 1
451602 Q0 8281322 1
451602 Q0 8295161 0
451602 Q0 8382005 1
451602 Q0 8383461 1
451602 Q0 8383462 1
451602 Q0 8383463 0
451602 Q0 8390518 1
451602 Q0 8390519 1
451602 Q0 8390521 1
451602 Q0 8390525 0
451602 Q0 8434177 1
451602 Q0 8434178 1
451602 Q0 8434180 1
451602 Q0 8456061 0
451602 Q0 847210 1
451602 Q0 8485136 0
451602 Q0 8540468 0
451602 Q0 8540470 0
451602 Q0 8595356 0
451602 Q0 8621776 1
451602 Q0 8621779 0
451602 Q0 8621784 1
451602 Q0 8695415 0
451602 Q0 8742537 0
451602 Q0 875582 0
451602 Q0 888516 0
451602 Q0 930490 0
451602 Q0 930493 0
451602 Q0 930497 0
451602 Q0 949152 0
451602 Q0 96222 1
451602 Q0 96223 0
451602 Q0 96229 1
489204 Q0 1051494 0
489204 Q0 1051498 1
489204 Q0 1090435 0
489204 Q0 1114410 0
489204 Q0 113238 0
489204 Q0 114148 0
489204 Q0 1225589 0
489204 Q0 1225590 0
489204 Q0 1231674 0
489204 Q0 1231678 1
489204 Q0 1251821 0
489204 Q0 1310101 0
489204 Q0 1310106 0
489204 Q0 1310107 0
489204 Q0 1310108 0
489204 Q0 1373674 0
489204 Q0 1383251 0
489204 Q0 139999 0
489204 Q0 1430550 1
489204 Q0 1430555 0
489204 Q0 1430557 0
489204 Q0 1431271 0
489204 Q0 1479542 1
489204 Q0 1513820 0
489204 Q0 152948 0
489204 Q0 152954 0
489204 Q0 1538587 0
489204 Q0 1557550 1
489204 Q0 1664640 1
489204 Q0 1664643 0
489204 Q0 1688164 0
489204 Q0 1705031 0
489204 Q0 1739317 0
489204 Q0 1759354 0
489204 Q0 1759358 0
489204 Q0 1760397 0
489204 Q0 1778458 0
489204 Q0 1820199 0
489204 Q0 1820203 1
489204 Q0 187571 0
489204 Q0 1905740 0
489204 Q0 1950269 0
489204 Q0 2163701 0
489204 Q0 216492 0
489204 Q0 2268657 0
489204 Q0 2445205 1
489204 Q0 2645311 0
489204 Q0 2653410 0
489204 Q0 2798566 0
489204 Q0 2899721 0
489204 Q0 3049941 0
489204 Q0 3075337 0
489204 Q0 320071 0
489204 Q0 320073 1
489204 Q0 320076 0
489204 Q0 320079 1
489204 Q0 3291935 0
489204 Q0 3310420 0
489204 Q0 3353678 0
489204 Q0 3353685 0
489204 Q0 3435940 0
489204 Q0 3438217 0
489204 Q0 34400 0
489204 Q0 359316 0
489204 Q0 3608627 0
489204 Q0 3710413 0
489204 Q0 3728445 0
489204 Q0 385083 0
489204 Q0 3980122 0
489204 Q0 4015716 0
489204 Q0 415420 0
489204 Q0 4159098 1
489204 Q0 4159416 1
489204 Q0 417344 0
489204 Q0 4222521 0
489204 Q0 4327516 0
489204 Q0 4520976 0
489204 Q0 4538296 0
489204 Q0 4552409 0
489204 Q0 4574496 0
489204 Q0 4586570 1
489204 Q0 4662177 0
489204 Q0 4711143 0
489204 Q0 4761967 0
489204 Q0 4917998 0
489204 Q0 4918005 0
489204 Q0 5005611 0
489204 Q0 5005765 0
489204 Q0 5143975 0
489204 Q0 5156386 0
489204 Q0 518994 0
489204 Q0 523745 0
489204 Q0 5513331 0
489204 Q0 5541646 0
489204 Q0 5541650 0
489204 Q0 5583224 0
489204 Q0 5629373 0
489204 Q0 5640841 0
489204 Q0 5640844 1
489204 Q0 5640846 0
489204 Q0 5640849 0
489204 Q0 5695163 0
489204 Q0 5815957 0
489204 Q0 5842850 0
489204 Q0 5856565 0
489204 Q0 5856566 0
489204 Q0 5856571 0
489204 Q0 5895917 0
489204 Q0 6087666 0
489204 Q0 6181765 0
489204 Q0 6237429 0
489204 Q0 6237430 0
489204 Q0 6327175 0
489204 Q0 6337933 0
489204 Q0 6435264 0
489204 Q0 6510227 0
489204 Q0 6542578 0
489204 Q0 6581779 0
489204 Q0 6620077 0
489204 Q0 6652052 0
489204 Q0 6665318 0
489204 Q0 6727272 1
489204 Q0 678245 0
489204 Q0 6816322 1
489204 Q0 6879782 0
489204 Q0 7037597 0
489204 Q0 7064814 0
489204 Q0 7112941 0
489204 Q0 7113084 0
489204 Q0 7113153 0
489204 Q0 7113309 0
489204 Q0 7116533 0
489204 Q0 7134737 0
489204 Q0 7134742 1
489204 Q0 7146090 0
489204 Q0 7279011 0
489204 Q0 7432758 0
489204 Q0 750071 0
489204 Q0 7564977 0
489204 Q0 7564980 0
489204 Q0 759508 0
489204 Q0 759509 0
489204 Q0 759510 1
489204 Q0 7652972 0
489204 Q0 769136 0
489204 Q0 7815337 1
489204 Q0 7974415 0
489204 Q0 8047853 0
489204 Q0 8056328 0
489204 Q0 8133951 0
489204 Q0 8238825 0
489204 Q0 827173 1
489204 Q0 827174 1
489204 Q0 8395205 0
489204 Q0 852250 1
489204 Q0 852257 1
489204 Q0 855963 0
489204 Q0 8582293 0
489204 Q0 8585820 0
489204 Q0 8594271 0
489204 Q0 8594272 0
489204 Q0 8594273 0
489204 Q0 8614761 0
489204 Q0 8724362 0
489204 Q0 872471 0
489204 Q0 8737046 0
489204 Q0 8737047 0
489204 Q0 8737050 0
489204 Q0 8737051 0
489204 Q0 8737053 0
489204 Q0 8773552 0
489204 Q0 883663 0
489204 Q0 889060 1
489204 Q0 94879 0
489204 Q0 973923 0
490595 Q0 1160842 0
490595 Q0 1160847 0
490595 Q0 1160848 0
490595 Q0 1288938 0
490595 Q0 1288940 0
490595 Q0 1473259 0
490595 Q0 1620438 0
490595 Q0 1652460 0
490595 Q0 1814180 0
490595 Q0 1845423 0
490595 Q0 1853477 0
490595 Q0 1894652 0
490595 Q0 1894882 0
490595 Q0 1929910 1
490595 Q0 1929911 0
490595 Q0 1999442 0
490595 Q0 2061700 0
490595 Q0 2061702 0
490595 Q0 2061706 0
490595 Q0 2135793 0
490595 Q0 217594 0
490595 Q0 2433508 0
490595 Q0 2586069 0
490595 Q0 2682556 0
490595 Q0 2850740 0
490595 Q0 3175975 0
490595 Q0 3329498 0
490595 Q0 3497870 0
490595 Q0 3497872 0
490595 Q0 3503014 0
490595 Q0 3503015 0
490595 Q0 3572695 0
490595 Q0 3573382 0
490595 Q0 3595607 0
490595 Q0 3833407 1
490595 Q0 3833408 0
490595 Q0 3833409 0
490595 Q0 3833410 0
490595 Q0 3833413 0
490595 Q0 388338 0
490595 Q0 3937195 1
490595 Q0 3937196 0
490595 Q0 3937197 0
490595 Q0 3937200 0
490595 Q0 3937202 1
490595 Q0 3937203 1
490595 Q0 3948082 0
490595 Q0 4082315 0
490595 Q0 4082316 0
490595 Q0 4082317 0
490595 Q0 4082319 1
490595 Q0 4096610 0
490595 Q0 4096611 0
490595 Q0 4490071 0
490595 Q0 4534210 0
490595 Q0 4671026 0
490595 Q0 4737059 1
490595 Q0 4737060 1
490595 Q0 4737061 1
490595 Q0 4737063 0
490595 Q0 4737064 0
490595 Q0 4737065 0
490595 Q0 4737066 1
490595 Q0 4737067 0
490595 Q0 4737068 1
490595 Q0 4763065 0
490595 Q0 4763066 1
490595 Q0 4763067 0
490595 Q0 4763070 0
490595 Q0 4763071 0
490595 Q0 4842889 1
490595 Q0 4842890 1
490595 Q0 4842891 1
490595 Q0 4842894 0
490595 Q0 4842895 1
490595 Q0 4842896 1
490595 Q0 4842897 0
490595 Q0 48492 0
490595 Q0 5112294 1
490595 Q0 5112297 0
490595 Q0 5144927 0
490595 Q0 5149754 0
490595 Q0 5207728 0
490595 Q0 5247992 1
490595 Q0 5247999 1
490595 Q0 5248000 1
490595 Q0 526091 0
490595 Q0 526092 0
490595 Q0 526093 1
490595 Q0 5349564 0
490595 Q0 5359207 0
490595 Q0 5359212 0
490595 Q0 5359213 0
490595 Q0 5460466 0
490595 Q0 5488538 0
490595 Q0 549465 1
490595 Q0 549466 0
490595 Q0 5597755 0
490595 Q0 5612094 0
490595 Q0 5612095 0
490595 Q0 5612099 0
490595 Q0 5633631 0
490595 Q0 565283 0
490595 Q0 6023901 0
490595 Q0 6066623 0
490595 Q0 6412650 0
490595 Q0 6599070 0
490595 Q0 6649155 0
490595 Q0 6686784 0
490595 Q0 6742119 0
490595 Q0 6971306 0
490595 Q0 6976960 0
490595 Q0 7045860 0
490595 Q0 7045864 0
490595 Q0 7045868 0
490595 Q0 7065739 0
490595 Q0 7072535 0
490595 Q0 7119229 0
490595 Q0 7153396 0
490595 Q0 7165638 0
490595 Q0 7279004 0
490595 Q0 7279006 0
490595 Q0 7340532 0
490595 Q0 7340533 0
490595 Q0 7422677 0
490595 Q0 7507613 0
490595 Q0 7621284 0
490595 Q0 7666093 0
490595 Q0 7666097 0
490595 Q0 769287 0
490595 Q0 7698193 0
490595 Q0 7698199 0
490595 Q0 7704024 0
490595 Q0 7704029 0
490595 Q0 7756604 0
490595 Q0 7839904 0
490595 Q0 7839906 0
490595 Q0 7994361 0
490595 Q0 805046 0
490595 Q0 805047 0
490595 Q0 805048 0
490595 Q0 805049 0
490595 Q0 805051 0
490595 Q0 8485138 0
490595 Q0 8485139 1
490595 Q0 8485140 0
490595 Q0 8485141 0
490595 Q0 8709994 0
527433 Q0 1000485 1
527433 Q0 1101462 0
527433 Q0 1187918 0
527433 Q0 1212778 1
527433 Q0 1212782 1
527433 Q0 1212784 1
527433 Q0 1212785 0
527433 Q0 1212786 1
527433 Q0 1212787 0
527433 Q0 1251475 0
527433 Q0 129387 0
527433 Q0 1317224 0
527433 Q0 1317225 0
527433 Q0 1379236 0
527433 Q0 1379237 1
527433 Q0 1379238 0
527433 Q0 1379239 0
527433 Q0 1379240 1
527433 Q0 1379242 1
527433 Q0 1379245 0
527433 Q0 1404580 0
527433 Q0 1664517 0
527433 Q0 1664518 0
527433 Q0 1664523 0
527433 Q0 1721940 0
527433 Q0 1993691 0
527433 Q0 1993699 0
527433 Q0 2045580 1
527433 Q0 2281137 0
527433 Q0 2331982 0
527433 Q0 2496224 0
527433 Q0 2496227 0
527433 Q0 2573888 0
527433 Q0 2649533 0
527433 Q0 269423 0
527433 Q0 269425 0
527433 Q0 269428 0
527433 Q0 269430 0
527433 Q0 272148 0
527433 Q0 2767587 0
527433 Q0 2773789 0
527433 Q0 286674 0
527433 Q0 288675 0
527433 Q0 2931558 0
527433 Q0 2931559 0
527433 Q0 2931562 0
527433 Q0 3093197 0
527433 Q0 3224400 0
527433 Q0 3224403 0
527433 Q0 3224404 1
527433 Q0 3256671 0
527433 Q0 3405417 0
527433 Q0 3425595 1
527433 Q0 3425601 0
527433 Q0 3425604 0
527433 Q0 3774355 0
527433 Q0 3774357 0
527433 Q0 3774358 1
527433 Q0 3774360 0
527433 Q0 3827084 1
527433 Q0 3827087 0
527433 Q0 3835729 1
527433 Q0 3835731 0
527433 Q0 3835734 0
527433 Q0 3835735 0
527433 Q0 3835736 0
527433 Q0 3973282 0
527433 Q0 3973283 0
527433 Q0 3973284 1
527433 Q0 3973285 1
527433 Q0 3973286 0
527433 Q0 3973287 1
527433 Q0 3973288 0
527433 Q0 3973290 0
527433 Q0 4064455 0
527433 Q0 432993 0
527433 Q0 452708 0
527433 Q0 452715 1
527433 Q0 467601 0
527433 Q0 4903731 0
527433 Q0 4952129 1
527433 Q0 4952135 0
527433 Q0 4958696 0
527433 Q0 4958697 0
527433 Q0 5034544 1
527433 Q0 5034546 0
527433 Q0 5121382 0
527433 Q0 5295980 0
527433 Q0 5401184 0
527433 Q0 542050 0
527433 Q0 5466805 1
527433 Q0 5466807 1
527433 Q0 5466810 1
527433 Q0 5466811 0
527433 Q0 547444 0
527433 Q0 5479497 0
527433 Q0 5479502 0
527433 Q0 5501454 0
527433 Q0 5603298 0
527433 Q0 5690943 0
527433 Q0 5690947 0
527433 Q0 5878263 0
527433 Q0 6015376 0
527433 Q0 6032636 0
527433 Q0 6038398 0
527433 Q0 6038411 0
527433 Q0 6045939 0
527433 Q0 6065675 0
527433 Q0 6065678 1
527433 Q0 6065681 0
527433 Q0 6184080 0
527433 Q0 6186391 0
527433 Q0 6214994 0
527433 Q0 6214995 0
527433 Q0 6215001 0
527433 Q0 6215002 1
527433 Q0 6398043 0
527433 Q0 6498113 0
527433 Q0 653103 0
527433 Q0 6667277 0
527433 Q0 6803516 0
527433 Q0 6889396 1
527433 Q0 6950955 0
527433 Q0 7051394 0
527433 Q0 7105525 0
527433 Q0 7105528 0
527433 Q0 7105531 1
527433 Q0 7182504 0
527433 Q0 7226291 0
527433 Q0 7252838 0
527433 Q0 7252840 0
527433 Q0 729489 0
527433 Q0 7347241 0
527433 Q0 7357591 1
527433 Q0 7514088 0
527433 Q0 7572901 0
527433 Q0 7607669 1
527433 Q0 7607672 0
527433 Q0 7787755 0
527433 Q0 7799466 1
527433 Q0 7904112 0
527433 Q0 7932171 0
527433 Q0 7991767 0
527433 Q0 8126064 0
527433 Q0 8306449 1
527433 Q0 8306451 0
527433 Q0 8322920 0
527433 Q0 8362259 0
527433 Q0 8371764 0
527433 Q0 8536842 0
527433 Q0 8586716 0
527433 Q0 8615714 0
527433 Q0 8617269 0
527433 Q0 8617271 1
527433 Q0 8617274 1
527433 Q0 8633563 0
527433 Q0 8737880 0
527433 Q0 8827928 0
527433 Q0 890536 0
527433 Q0 975967 1
573724 Q0 1005338 0
573724 Q0 104856 0
573724 Q0 1053303 0
573724 Q0 1165128 0
573724 Q0 1165129 0
573724 Q0 1293333 0
573724 Q0 1509939 0
573724 Q0 1509940 1
573724 Q0 1509942 1
573724 Q0 162151 0
573724 Q0 1720394 0
573724 Q0 1787867 0
573724 Q0 1816038 0
573724 Q0 1854797 0
573724 Q0 1891075 0
573724 Q0 1935389 0
573724 Q0 2002448 0
573724 Q0 2021252 0
573724 Q0 2133806 0
573724 Q0 2172 0
573724 Q0 2186124 0
573724 Q0 2417985 0
573724 Q0 2621257 0
573724 Q0 2635262 0
573724 Q0 2772677 0
573724 Q0 2819390 0
573724 Q0 2958056 0
573724 Q0 2999527 0
573724 Q0 3043361 0
573724 Q0 3059586 0
573724 Q0 3059589 0
573724 Q0 3059592 0
573724 Q0 3146238 1
573724 Q0 3365597 0
573724 Q0 3365631 0
573724 Q0 3365633 0
573724 Q0 3365635 0
573724 Q0 3365636 1
573724 Q0 3365638 0
573724 Q0 3365639 0
573724 Q0 3517209 0
573724 Q0 3535239 0
573724 Q0 3617636 0
573724 Q0 3644944 0
573724 Q0 3762920 0
573724 Q0 3770960 0
573724 Q0 387251 0
573724 Q0 3937080 0
573724 Q0 394136 0
573724 Q0 394138 0
573724 Q0 394139 0
573724 Q0 394141 0
573724 Q0 394142 0
573724 Q0 4017883 0
573724 Q0 41433 0
573724 Q0 4360246 0
573724 Q0 448326 0
573724 Q0 4546857 0
573724 Q0 5007172 0
573724 Q0 5017496 0
573724 Q0 5020265 0
573724 Q0 5028843 0
573724 Q0 5047796 0
573724 Q0 5306910 0
573724 Q0 5310530 0
573724 Q0 5339620 1
573724 Q0 5721829 0
573724 Q0 5721831 0
573724 Q0 5785717 0
573724 Q0 5962420 0
573724 Q0 5962423 0
573724 Q0 5962426 0
573724 Q0 5962428 0
573724 Q0 6084690 0
573724 Q0 613337 0
573724 Q0 6275697 0
573724 Q0 6462957 0
573724 Q0 6524584 0
573724 Q0 6776717 1
573724 Q0 6789025 0
573724 Q0 7016041 0
573724 Q0 7104825 1
573724 Q0 7104826 0
573724 Q0 7104827 0
573724 Q0 7134411 0
573724 Q0 7166496 0
573724 Q0 7199667 0
573724 Q0 7199669 0
573724 Q0 7199672 0
573724 Q0 7199673 1
573724 Q0 7199674 0
573724 Q0 7199675 0
573724 Q0 7233865 0
573724 Q0 7279080 0
573724 Q0 7352209 0
573724 Q0 7384325 0
573724 Q0 7384326 0
573724 Q0 7384329 0
573724 Q0 7384331 0
573724 Q0 7384332 0
573724 Q0 7384333 0
573724 Q0 7392294 0
573724 Q0 7426076 0
573724 Q0 7474210 0
573724 Q0 7498096 0
573724 Q0 7586523 0
573724 Q0 7589690 0
573724 Q0 7609926 0
573724 Q0 7609927 0
573724 Q0 7609928 1
573724 Q0 7609929 0
573724 Q0 7609930 0
573724 Q0 7609932 0
573724 Q0 7674858 0
573724 Q0 7674859 1
573724 Q0 7709475 0
573724 Q0 7783283 0
573724 Q0 787203 0
573724 Q0 7964601 0
573724 Q0 7992473 0
573724 Q0 7992474 0
573724 Q0 8047166 0
573724 Q0 8272972 0
573724 Q0 8275380 0
573724 Q0 8301492 0
573724 Q0 8357747 0
573724 Q0 8362282 0
573724 Q0 8441642 1
573724 Q0 8444728 0
573724 Q0 8444730 0
573724 Q0 8450652 0
573724 Q0 8466537 0
573724 Q0 8530902 0
573724 Q0 8626954 0
573724 Q0 8690218 0
573724 Q0 87400 1
573724 Q0 87404 1
573724 Q0 87405 0
573724 Q0 8833192 0
573724 Q0 8833194 0
573724 Q0 8833199 0
833860 Q0 1026570 0
833860 Q0 115142 0
833860 Q0 1290162 0
833860 Q0 1501734 0
833860 Q0 1524401 0
833860 Q0 1524402 0
833860 Q0 1524403 0
833860 Q0 1524406 0
833860 Q0 1524644 0
833860 Q0 1656992 0
833860 Q0 1791883 0
833860 Q0 1793612 0
833860 Q0 1889863 1
833860 Q0 1969741 0
833860 Q0 1971028 0
833860 Q0 2022688 0
833860 Q0 2037474 0
833860 Q0 2188108 0
833860 Q0 2206193 0
833860 Q0 2206194 1
833860 Q0 2206195 1
833860 Q0 2206196 1
833860 Q0 2206197 1
833860 Q0 2206198 1
833860 Q0 2386361 1
833860 Q0 2386362 0
833860 Q0 2424770 0
833860 Q0 2488236 0
833860 Q0 2576067 0
833860 Q0 2626241 0
833860 Q0 2626243 0
833860 Q0 2626245 0
833860 Q0 2654111 0
833860 Q0 2673534 1
833860 Q0 2673539 0
833860 Q0 2673542 0
833860 Q0 2702357 1
833860 Q0 2757422 0
833860 Q0 2789095 0
833860 Q0 2829180 0
833860 Q0 2829181 0
833860 Q0 2830558 0
833860 Q0 307252 0
833860 Q0 3087477 0
833860 Q0 3087479 0
833860 Q0 3087481 1
833860 Q0 3273424 0
833860 Q0 3273425 0
833860 Q0 3273428 0
833860 Q0 3273430 0
833860 Q0 3421947 0
833860 Q0 3437281 1
833860 Q0 3437284 1
833860 Q0 3437285 1
833860 Q0 3437286 1
833860 Q0 3437288 1
833860 Q0 3437289 1
833860 Q0 3437290 1
833860 Q0 3494809 0
833860 Q0 3504317 0
833860 Q0 3621540 0
833860 Q0 3681810 0
833860 Q0 4046122 0
833860 Q0 4046123 0
833860 Q0 4046129 0
833860 Q0 4094377 0
833860 Q0 4190986 0
833860 Q0 4308076 0
833860 Q0 4431444 0
833860 Q0 4431446 1
833860 Q0 45135 0
833860 Q0 4596543 0
833860 Q0 4620277 0
833860 Q0 4675806 0
833860 Q0 474455 1
833860 Q0 4841618 0
833860 Q0 4881965 1
833860 Q0 4905510 0
833860 Q0 5010758 0
833860 Q0 5048286 0
833860 Q0 5127788 0
833860 Q0 5167510 1
833860 Q0 5167512 0
833860 Q0 5167513 1
833860 Q0 5167515 0
833860 Q0 5167518 1
833860 Q0 5178289 0
833860 Q0 520699 0
833860 Q0 5404106 0
833860 Q0 549237 0
833860 Q0 5595071 0
833860 Q0 5595072 0
833860 Q0 5628270 0
833860 Q0 5832656 0
833860 Q0 5832657 1
833860 Q0 5832660 0
833860 Q0 5832661 0
833860 Q0 5902300 0
833860 Q0 596153 0
833860 Q0 6083482 0
833860 Q0 6083487 0
833860 Q0 6088911 0
833860 Q0 61680 0
833860 Q0 6211806 0
833860 Q0 6218032 1
833860 Q0 6218035 0
833860 Q0 6218039 0
833860 Q0 6218040 1
833860 Q0 6230220 1
833860 Q0 6230221 1
833860 Q0 6230222 1
833860 Q0 6230223 1
833860 Q0 6230224 0
833860 Q0 6230225 1
833860 Q0 6230226 1
833860 Q0 6230227 1
833860 Q0 6230228 1
833860 Q0 6230229 1
833860 Q0 6292957 0
833860 Q0 6297606 0
833860 Q0 6804385 0
833860 Q0 6812180 0
833860 Q0 6943598 0
833860 Q0 6943600 0
833860 Q0 7038170 0
833860 Q0 7061638 0
833860 Q0 7061642 0
833860 Q0 7103434 0
833860 Q0 7153355 0
833860 Q0 7166531 0
833860 Q0 7172599 0
833860 Q0 7184644 0
833860 Q0 7706738 0
833860 Q0 7826521 0
833860 Q0 7831470 1
833860 Q0 7885548 0
833860 Q0 7886341 0
833860 Q0 8068230 0
833860 Q0 8068231 0
833860 Q0 8068233 0
833860 Q0 8069063 0
833860 Q0 8105806 0
833860 Q0 8284965 0
833860 Q0 8344031 1
833860 Q0 8374729 0
833860 Q0 8494105 1
833860 Q0 8683095 0
833860 Q0 871334 0
833860 Q0 8742336 0
833860 Q0 883252 0
833860 Q0 8833502 1
833860 Q0 8833504 1
833860 Q0 8833505 0
833860 Q0 8833506 1
833860 Q0 8833507 0
833860 Q0 8833509 1
833860 Q0 918663 0
855410 Q0 1041939 0
855410 Q0 1075228 0
855410 Q0 1094091 0
855410 Q0 1095309 0
855410 Q0 1095539 0
855410 Q0 1147809 0
855410 Q0 1147810 0
855410 Q0 1147811 0
855410 Q0 1172328 0
855410 Q0 1310254 0
855410 Q0 1365235 0
855410 Q0 1459700 0
855410 Q0 1481865 0
855410 Q0 1732923 0
855410 Q0 1732924 0
855410 Q0 1804585 0
855410 Q0 181258 0
855410 Q0 181259 0
855410 Q0 181262 0
855410 Q0 181264 0
855410 Q0 1824280 0
855410 Q0 1886069 0
855410 Q0 1956109 0
855410 Q0 197471 0
855410 Q0 200269 0
855410 Q0 2025625 0
855410 Q0 2147202 0
855410 Q0 216245 0
855410 Q0 2164297 0
855410 Q0 2171731 0
855410 Q0 2201031 0
855410 Q0 2221056 0
855410 Q0 2240114 0
855410 Q0 2269747 0
855410 Q0 2382274 0
855410 Q0 2382279 0
855410 Q0 2382280 0
855410 Q0 2519611 0
855410 Q0 2519613 0
855410 Q0 2519615 0
855410 Q0 2519616 0
855410 Q0 2519618 0
855410 Q0 2531289 0
855410 Q0 2718880 0
855410 Q0 2745889 0
855410 Q0 2781827 0
855410 Q0 2785222 0
855410 Q0 2785223 0
855410 Q0 2851709 0
855410 Q0 2851711 0
855410 Q0 2945339 0
855410 Q0 3249944 0
855410 Q0 3276027 0
855410 Q0 329117 0
855410 Q0 3486066 0
855410 Q0 3594261 0
855410 Q0 3620854 0
855410 Q0 3771664 0
855410 Q0 3771667 0
855410 Q0 3893478 0
855410 Q0 3984720 0
855410 Q0 4111047 0
855410 Q0 4174479 0
855410 Q0 4181961 0
855410 Q0 4196520 0
855410 Q0 4246116 0
855410 Q0 4263016 0
855410 Q0 4299367 0
855410 Q0 4335130 0
855410 Q0 4354935 0
855410 Q0 4406031 0
855410 Q0 4420015 0
855410 Q0 4635595 0
855410 Q0 4716710 0
855410 Q0 4810232 0
855410 Q0 4810235 0
855410 Q0 4831460 0
855410 Q0 4929361 0
855410 Q0 5008541 0
855410 Q0 5008542 0
855410 Q0 5008543 0
855410 Q0 5008545 0
855410 Q0 5008549 0
855410 Q0 5021348 0
855410 Q0 5081400 0
855410 Q0 5095701 0
855410 Q0 5095702 0
855410 Q0 510943 0
855410 Q0 510946 0
855410 Q0 5117667 0
855410 Q0 515982 0
855410 Q0 5210914 0
855410 Q0 5210916 0
855410 Q0 5210917 0
855410 Q0 5210919 0
855410 Q0 5329993 0
855410 Q0 5440420 0
855410 Q0 5465332 0
855410 Q0 5676595 0
855410 Q0 5708492 0
855410 Q0 5954609 0
855410 Q0 5959308 0
855410 Q0 6090181 0
855410 Q0 6306434 0
855410 Q0 638673 0
855410 Q0 6425421 0
855410 Q0 6427817 0
855410 Q0 6441075 0
855410 Q0 6467175 0
855410 Q0 6467180 0
855410 Q0 6680949 0
855410 Q0 6704335 0
855410 Q0 6707516 0
855410 Q0 6734483 0
855410 Q0 6734486 0
855410 Q0 6734487 0
855410 Q0 6734488 0
855410 Q0 6734489 0
855410 Q0 6798093 0
855410 Q0 6806702 0
855410 Q0 6892344 0
855410 Q0 6892345 0
855410 Q0 6892350 0
855410 Q0 6934651 0
855410 Q0 6978945 0
855410 Q0 7004256 0
855410 Q0 7004260 0
855410 Q0 7012786 0
855410 Q0 7064912 0
855410 Q0 7070232 0
855410 Q0 7070234 0
855410 Q0 7099015 0
855410 Q0 7128710 0
855410 Q0 7128929 0
855410 Q0 7137616 0
855410 Q0 7140868 0
855410 Q0 7164602 0
855410 Q0 717359 0
855410 Q0 7190705 0
855410 Q0 7210883 0
855410 Q0 7238608 0
855410 Q0 7238783 0
855410 Q0 7291107 0
855410 Q0 7440840 0
855410 Q0 7440846 0
855410 Q0 7440849 0
855410 Q0 7509177 0
855410 Q0 7560274 0
855410 Q0 7613452 0
855410 Q0 7972228 0
855410 Q0 7972231 0
855410 Q0 7972233 0
855410 Q0 7972234 0
855410 Q0 802813 0
855410 Q0 8051001 0
855410 Q0 8087245 0
855410 Q0 8122700 0
855410 Q0 8144663 0
855410 Q0 8200956 0
855410 Q0 8200961 0
855410 Q0 8289737 0
855410 Q0 8310088 0
855410 Q0 8361990 0
855410 Q0 8373834 0
855410 Q0 840666 0
855410 Q0 8416994 0
855410 Q0 8468783 0
855410 Q0 8489189 0
855410 Q0 8543392 0
855410 Q0 8543413 0
855410 Q0 8651770 1
855410 Q0 8651771 1
855410 Q0 8651772 0
855410 Q0 8651775 1
855410 Q0 8651776 0
855410 Q0 8736256 0
855410 Q0 8750864 0
855410 Q0 8751749 0
855410 Q0 8751751 0
855410 Q0 941543 0
855410 Q0 968253 0
855410 Q0 983642 0
855410 Q0 984533 0
915593 Q0 1396701 0
915593 Q0 1396704 0
915593 Q0 1396705 0
915593 Q0 1396707 0
915593 Q0 1396708 1
915593 Q0 1453630 0
915593 Q0 1605506 1
915593 Q0 1652605 0
915593 Q0 1772930 0
915593 Q0 1772932 0
915593 Q0 1815965 1
915593 Q0 1907207 0
915593 Q0 1972028 1
915593 Q0 2025485 0
915593 Q0 2077310 0
915593 Q0 210379 1
915593 Q0 210384 1
915593 Q0 2210591 0
915593 Q0 2210592 0
915593 Q0 2210593 0
915593 Q0 2210595 0
915593 Q0 2210597 0
915593 Q0 2232789 0
915593 Q0 2393704 0
915593 Q0 2401465 0
915593 Q0 252142 0
915593 Q0 2588143 1
915593 Q0 2627023 0
915593 Q0 275724 1
915593 Q0 275726 1
915593 Q0 275728 1
915593 Q0 275732 1
915593 Q0 2872589 0
915593 Q0 2923493 1
915593 Q0 2923494 1
915593 Q0 2923496 1
915593 Q0 2923497 1
915593 Q0 2923498 1
915593 Q0 2923501 1
915593 Q0 2969050 0
915593 Q0 3143377 0
915593 Q0 3203819 0
915593 Q0 3305804 0
915593 Q0 3357360 0
915593 Q0 3385968 1
915593 Q0 3385971 1
915593 Q0 3450898 0
915593 Q0 3485337 0
915593 Q0 3523599 0
915593 Q0 3523602 0
915593 Q0 3538160 1
915593 Q0 3538161 1
915593 Q0 3538162 0
915593 Q0 3538163 1
915593 Q0 3538164 0
915593 Q0 3538165 0
915593 Q0 3538166 0
915593 Q0 3538167 1
915593 Q0 3538168 1
915593 Q0 3545107 0
915593 Q0 3573471 0
915593 Q0 3573474 0
915593 Q0 3573477 0
915593 Q0 3573478 1
915593 Q0 3573479 0
915593 Q0 3918680 0
915593 Q0 3930148 0
915593 Q0 4044822 1
915593 Q0 4245927 0
915593 Q0 4257001 0
915593 Q0 4272446 0
915593 Q0 4279298 1
915593 Q0 4279299 0
915593 Q0 4289598 0
915593 Q0 4378740 0
915593 Q0 4393631 0
915593 Q0 4549698 0
915593 Q0 4566815 0
915593 Q0 4566816 0
915593 Q0 4566818 1
915593 Q0 4566819 0
915593 Q0 4566822 0
915593 Q0 4566823 0
915593 Q0 4656722 1
915593 Q0 4691129 0
915593 Q0 4801563 0
915593 Q0 4834224 0
915593 Q0 4834226 1
915593 Q0 4889894 0
915593 Q0 4910037 0
915593 Q0 4927817 0
915593 Q0 4998398 1
915593 Q0 5007631 0
915593 Q0 5063813 0
915593 Q0 5117497 1
915593 Q0 5359304 0
915593 Q0 5379124 0
915593 Q0 5568031 0
915593 Q0 5652031 0
915593 Q0 5702414 0
915593 Q0 5774013 1
915593 Q0 5774014 1
915593 Q0 5866302 0
915593 Q0 5931262 1
915593 Q0 5931263 1
915593 Q0 5931264 1
915593 Q0 5931265 1
915593 Q0 5931266 1
915593 Q0 5931267 1
915593 Q0 5931268 1
915593 Q0 5931269 1
915593 Q0 5931270 1
915593 Q0 5931271 1
915593 Q0 6142152 0
915593 Q0 6181638 1
915593 Q0 6226401 0
915593 Q0 6260059 0
915593 Q0 6263225 0
915593 Q0 6351110 0
915593 Q0 6462880 0
915593 Q0 6521993 1
915593 Q0 6761344 0
915593 Q0 6761347 1
915593 Q0 6923052 1
915593 Q0 6923054 0
915593 Q0 6923055 0
915593 Q0 6923056 0
915593 Q0 6944106 0
915593 Q0 7082922 0
915593 Q0 7176430 0
915593 Q0 7313730 1
915593 Q0 7313733 1
915593 Q0 7327683 0
915593 Q0 7565849 0
915593 Q0 7643828 0
915593 Q0 7709320 0
915593 Q0 7742098 0
915593 Q0 7816726 1
915593 Q0 7832420 1
915593 Q0 7837084 0
915593 Q0 7837086 0
915593 Q0 7861747 1
915593 Q0 7861748 1
915593 Q0 7861749 1
915593 Q0 7861750 1
915593 Q0 7861751 0
915593 Q0 7861753 1
915593 Q0 7861755 1
915593 Q0 7861756 1
915593 Q0 7885529 1
915593 Q0 8002846 1
915593 Q0 8002850 1
915593 Q0 8002851 1
915593 Q0 8002852 0
915593 Q0 8002853 1
915593 Q0 8002854 1
915593 Q0 8002855 1
915593 Q0 8029524 0
915593 Q0 8029527 1
915593 Q0 8029530 1
915593 Q0 8029531 0
915593 Q0 8029533 1
915593 Q0 8103063 0
915593 Q0 8103065 1
915593 Q0 8103066 1
915593 Q0 8103067 1
915593 Q0 8103068 0
915593 Q0 8178996 0
915593 Q0 8178997 0
915593 Q0 8178998 0
915593 Q0 8179000 0
915593 Q0 8179001 0
915593 Q0 8179003 0
915593 Q0 82105 0
915593 Q0 82106 1
915593 Q0 82107 1
915593 Q0 82108 1
915593 Q0 82109 0
915593 Q0 82110 1
915593 Q0 82111 0
915593 Q0 82113 1
915593 Q0 82114 0
915593 Q0 8304084 0
915593 Q0 8402970 0
915593 Q0 8402971 1
915593 Q0 8402972 1
915593 Q0 8420020 0
915593 Q0 8455300 0
915593 Q0 8455301 0
915593 Q0 850454 0
915593 Q0 94879 0
915593 Q0 98515 0
962179 Q0 1006865 0
962179 Q0 1006866 0
962179 Q0 1006867 0
962179 Q0 1006868 0
962179 Q0 1016940 0
962179 Q0 1512086 0
962179 Q0 1512090 0
962179 Q0 1645080 0
962179 Q0 1645084 0
962179 Q0 1645086 0
962179 Q0 1864257 0
962179 Q0 1882903 0
962179 Q0 2017003 0
962179 Q0 2131893 0
962179 Q0 2131895 0
962179 Q0 2186433 0
962179 Q0 2274381 0
962179 Q0 2274386 0
962179 Q0 2329692 1
962179 Q0 2329693 1
962179 Q0 2329694 0
962179 Q0 2329695 1
962179 Q0 2329696 0
962179 Q0 2329697 1
962179 Q0 2329698 0
962179 Q0 2329699 1
962179 Q0 2329700 0
962179 Q0 2329701 1
962179 Q0 2802581 0
962179 Q0 2929469 0
962179 Q0 2978864 1
962179 Q0 2978865 0
962179 Q0 2978866 1
962179 Q0 2978867 0
962179 Q0 2978868 0
962179 Q0 2978869 0
962179 Q0 2978870 0
962179 Q0 2978871 0
962179 Q0 2986779 0
962179 Q0 3026310 0
962179 Q0 302864 0
962179 Q0 302867 0
962179 Q0 3150561 0
962179 Q0 3170886 0
962179 Q0 3173623 0
962179 Q0 3173625 0
962179 Q0 3271742 0
962179 Q0 3304256 0
962179 Q0 3422319 0
962179 Q0 3422321 0
962179 Q0 3469097 0
962179 Q0 3579693 0
962179 Q0 3579694 0
962179 Q0 3701853 0
962179 Q0 3705165 1
962179 Q0 3705169 0
962179 Q0 372500 0
962179 Q0 3800173 0
962179 Q0 3896629 0
962179 Q0 3896630 0
962179 Q0 3896631 0
962179 Q0 3896632 1
962179 Q0 3896634 0
962179 Q0 3982060 0
962179 Q0 4002583 0
962179 Q0 4002584 0
962179 Q0 4072168 0
962179 Q0 4257871 0
962179 Q0 4257872 0
962179 Q0 4257873 0
962179 Q0 4257876 0
962179 Q0 4309122 0
962179 Q0 4511498 0
962179 Q0 4511499 1
962179 Q0 4511501 0
962179 Q0 4511503 0
962179 Q0 4511504 0
962179 Q0 4537135 0
962179 Q0 4590200 0
962179 Q0 4606386 1
962179 Q0 4606387 1
962179 Q0 4606389 0
962179 Q0 4606390 0
962179 Q0 4606841 0
962179 Q0 4850931 0
962179 Q0 4916892 0
962179 Q0 5254297 0
962179 Q0 5320368 0
962179 Q0 534563 0
962179 Q0 536176 1
962179 Q0 536177 0
962179 Q0 536178 0
962179 Q0 5427063 0
962179 Q0 5427064 0
962179 Q0 5427070 0
962179 Q0 5591962 0
962179 Q0 5642479 0
962179 Q0 5653652 0
962179 Q0 5653653 0
962179 Q0 5653655 0
962179 Q0 5653656 0
962179 Q0 5653659 1
962179 Q0 5773184 0
962179 Q0 5773189 0
962179 Q0 5919338 0
962179 Q0 5919340 1
962179 Q0 5919341 0
962179 Q0 5919342 1
962179 Q0 6137844 0
962179 Q0 6186348 0
962179 Q0 6374289 0
962179 Q0 6499468 0
962179 Q0 6575560 0
962179 Q0 6675259 0
962179 Q0 6675262 0
962179 Q0 6699451 0
962179 Q0 6699453 0
962179 Q0 6898289 1
962179 Q0 6898290 0
962179 Q0 6898295 0
962179 Q0 6901240 0
962179 Q0 6904859 0
962179 Q0 6904863 0
962179 Q0 6980697 1
962179 Q0 6980699 0
962179 Q0 7126025 0
962179 Q0 7215064 0
962179 Q0 7394153 0
962179 Q0 7428144 0
962179 Q0 7470729 0
962179 Q0 8032264 0
962179 Q0 8032269 0
962179 Q0 8067398 0
962179 Q0 8123703 0
962179 Q0 8123706 0
962179 Q0 8192974 0
962179 Q0 8198034 0
962179 Q0 8675967 0
962179 Q0 8689053 0
962179 Q0 8689054 0
962179 Q0 8689055 0
962179 Q0 8689056 0
962179 Q0 8689057 0
962179 Q0 8689058 0
962179 Q0 8693653 0
962179 Q0 8774364 0
962179 Q0 8785367 1
962179 Q0 8785368 0
962179 Q0 8785369 0
962179 Q0 8785370 0
962179 Q0 8785371 1
962179 Q0 8785373 0
962179 Q0 8785374 0
962179 Q0 8785375 0
962179 Q0 8811425 0
962179 Q0 8811426 0
962179 Q0 8819395 0
962179 Q0 8836712 0
962179 Q0 908620 0
962179 Q0 931120 0
962179 Q0 931124 0
1037798 Q0 1085628 0
1037798 Q0 1308037 0
1037798 Q0 1639088 0
1037798 Q0 1720808 0
1037798 Q0 1833624 0
1037798 Q0 1840395 0
1037798 Q0 1840397 0
1037798 Q0 1840400 0
1037798 Q0 184064 0
1037798 Q0 1920443 0
1037798 Q0 2021467 0
1037798 Q0 2104865 0
1037798 Q0 2144889 0
1037798 Q0 2157450 0
1037798 Q0 2157456 0
1037798 Q0 2215188 0
1037798 Q0 2254133 0
1037798 Q0 2258765 0
1037798 Q0 2299038 0
1037798 Q0 2338889 0
1037798 Q0 2360248 0
1037798 Q0 2431943 0
1037798 Q0 248029 0
1037798 Q0 2540690 0
1037798 Q0 2569756 0
1037798 Q0 2607360 0
1037798 Q0 2607366 0
1037798 Q0 2608688 0
1037798 Q0 2723493 0
1037798 Q0 2729504 0
1037798 Q0 2787508 0
1037798 Q0 2804716 0
1037798 Q0 2914156 0
1037798 Q0 2950440 0
1037798 Q0 2970892 0
1037798 Q0 2970895 0
1037798 Q0 2970896 0
1037798 Q0 3030654 0
1037798 Q0 3030655 0
1037798 Q0 304381 0
1037798 Q0 3145757 0
1037798 Q0 3150376 0
1037798 Q0 3153011 0
1037798 Q0 3162279 0
1037798 Q0 3167284 0
1037798 Q0 317741 0
1037798 Q0 3182977 0
1037798 Q0 3212040 0
1037798 Q0 3213750 0
1037798 Q0 3227356 0
1037798 Q0 3247266 0
1037798 Q0 3295801 0
1037798 Q0 3310854 0
1037798 Q0 336322 0
1037798 Q0 3387556 0
1037798 Q0 3416568 0
1037798 Q0 3416569 0
1037798 Q0 3507427 0
1037798 Q0 3620983 0
1037798 Q0 3620986 0
1037798 Q0 3620991 0
1037798 Q0 3641634 1
1037798 Q0 3641638 0
1037798 Q0 3641640 0
1037798 Q0 3693683 0
1037798 Q0 3775169 0
1037798 Q0 3900180 0
1037798 Q0 3922535 0
1037798 Q0 4006832 0
1037798 Q0 4083926 0
1037798 Q0 4095286 1
1037798 Q0 4117639 0
1037798 Q0 4291373 0
1037798 Q0 4296396 0
1037798 Q0 4297405 0
1037798 Q0 4436037 0
1037798 Q0 4482918 0
1037798 Q0 4729563 0
1037798 Q0 473202 0
1037798 Q0 4788860 0
1037798 Q0 4788864 0
1037798 Q0 4968778 0
1037798 Q0 4974552 0
1037798 Q0 5067699 0
1037798 Q0 5249989 0
1037798 Q0 5373617 0
1037798 Q0 5403228 0
1037798 Q0 5438878 0
1037798 Q0 5438881 1
1037798 Q0 5696579 0
1037798 Q0 5896698 0
1037798 Q0 6060285 1
1037798 Q0 6089089 0
1037798 Q0 6089091 0
1037798 Q0 6089093 0
1037798 Q0 6089095 0
1037798 Q0 6089096 0
1037798 Q0 6118832 0
1037798 Q0 6384920 0
1037798 Q0 6421952 0
1037798 Q0 6606712 0
1037798 Q0 666437 0
1037798 Q0 666442 0
1037798 Q0 6822247 0
1037798 Q0 6908549 0
1037798 Q0 6917254 0
1037798 Q0 6919149 0
1037798 Q0 6921843 0
1037798 Q0 6999097 0
1037798 Q0 7081469 0
1037798 Q0 7081474 0
1037798 Q0 7081475 0
1037798 Q0 720665 1
1037798 Q0 7244943 0
1037798 Q0 7272215 0
1037798 Q0 7466648 0
1037798 Q0 7466652 0
1037798 Q0 7818758 0
1037798 Q0 7818759 0
1037798 Q0 7820355 0
1037798 Q0 7822415 1
1037798 Q0 7921173 0
1037798 Q0 7943228 0
1037798 Q0 7943358 0
1037798 Q0 7961603 0
1037798 Q0 8170721 0
1037798 Q0 8170997 0
1037798 Q0 8200339 0
1037798 Q0 8224672 0
1037798 Q0 8230729 0
1037798 Q0 835829 0
1037798 Q0 8402857 0
1037798 Q0 8417092 0
1037798 Q0 8441717 0
1037798 Q0 8451818 0
1037798 Q0 8537479 0
1037798 Q0 8745283 0
1037798 Q0 8752317 0
1037798 Q0 8760864 0
1037798 Q0 8760866 0
1037798 Q0 8760867 0
1037798 Q0 8760868 0
1037798 Q0 8760870 0
1037798 Q0 8760871 1
1037798 Q0 8760873 0
1037798 Q0 8764647 0
1037798 Q0 8766188 0
1037798 Q0 8780801 0
1037798 Q0 8780803 0
1037798 Q0 8780804 0
1037798 Q0 8780808 0
1037798 Q0 8820474 0
1037798 Q0 930052 0
1037798 Q0 994978 0
1063750 Q0 1048074 1
1063750 Q0 1055218 0
1063750 Q0 1074552 1
1063750 Q0 1086039 0
1063750 Q0 1086043 1
1063750 Q0 1098172 1
1063750 Q0 1098177 0
1063750 Q0 1123931 0
1063750 Q0 1124053 1
1063750 Q0 1124058 1
1063750 Q0 1153635 0
1063750 Q0 1191942 1
1063750 Q0 1191945 1
1063750 Q0 1191950 0
1063750 Q0 12258 1
1063750 Q0 12260 1
1063750 Q0 12261 1
1063750 Q0 12264 1
1063750 Q0 12266 1
1063750 Q0 1248663 1
1063750 Q0 1276347 0
1063750 Q0 1326918 0
1063750 Q0 1423669 0
1063750 Q0 1423677 1
1063750 Q0 1523261 1
1063750 Q0 1523265 0
1063750 Q0 1523266 1
1063750 Q0 1569814 0
1063750 Q0 1580961 1
1063750 Q0 1585089 1
1063750 Q0 16689 0
1063750 Q0 16693 1
1063750 Q0 1697236 0
1063750 Q0 1697238 1
1063750 Q0 1866482 1
1063750 Q0 1866485 1
1063750 Q0 1866486 1
1063750 Q0 1922586 1
1063750 Q0 1922587 0
1063750 Q0 1922590 0
1063750 Q0 1923499 1
1063750 Q0 1923506 1
1063750 Q0 2047790 0
1063750 Q0 2075184 0
1063750 Q0 2075185 0
1063750 Q0 2075189 1
1063750 Q0 2091257 0
1063750 Q0 2091261 1
1063750 Q0 2176552 0
1063750 Q0 2197526 0
1063750 Q0 2220579 0
1063750 Q0 2220585 1
1063750 Q0 2220587 0
1063750 Q0 2230088 0
1063750 Q0 2230089 1
1063750 Q0 2230090 1
1063750 Q0 2230095 1
1063750 Q0 2242826 0
1063750 Q0 2243178 1
1063750 Q0 2391455 1
1063750 Q0 2391456 1
1063750 Q0 2391457 0
1063750 Q0 2391458 0
1063750 Q0 2391460 0
1063750 Q0 2399255 0
1063750 Q0 2399257 1
1063750 Q0 2402110 1
1063750 Q0 2448911 0
1063750 Q0 2470328 1
1063750 Q0 2479411 0
1063750 Q0 2479413 1
1063750 Q0 2496764 0
1063750 Q0 2496767 1
1063750 Q0 2499705 0
1063750 Q0 2516 0
1063750 Q0 2541522 0
1063750 Q0 2551914 1
1063750 Q0 2569813 1
1063750 Q0 2569816 1
1063750 Q0 2569817 0
1063750 Q0 2576067 0
1063750 Q0 2578721 0
1063750 Q0 2578724 1
1063750 Q0 2653693 1
1063750 Q0 2679612 0
1063750 Q0 2728074 1
1063750 Q0 2728076 0
1063750 Q0 2728077 0
1063750 Q0 2728079 0
1063750 Q0 2768117 1
1063750 Q0 2768120 1
1063750 Q0 2768123 1
1063750 Q0 2768421 0
1063750 Q0 2768426 0
1063750 Q0 2784782 1
1063750 Q0 2784784 1
1063750 Q0 2868845 0
1063750 Q0 2951510 1
1063750 Q0 2975474 1
1063750 Q0 2981566 0
1063750 Q0 2997653 0
1063750 Q0 3013344 0
1063750 Q0 3078268 0
1063750 Q0 3078272 0
1063750 Q0 309311 0
1063750 Q0 309313 1
1063750 Q0 309315 1
1063750 Q0 3095450 1
1063750 Q0 3098299 0
1063750 Q0 3132972 1
1063750 Q0 3132980 1
1063750 Q0 3134988 1
1063750 Q0 3134992 0
1063750 Q0 3134994 0
1063750 Q0 3192369 1
1063750 Q0 3192413 1
1063750 Q0 3192421 1
1063750 Q0 3259884 1
1063750 Q0 3259885 0
1063750 Q0 3259887 1
1063750 Q0 3259889 1
1063750 Q0 3259890 1
1063750 Q0 3259891 1
1063750 Q0 3259892 1
1063750 Q0 3268883 0
1063750 Q0 3277711 0
1063750 Q0 3293219 0
1063750 Q0 330159 1
1063750 Q0 330165 1
1063750 Q0 3323557 0
1063750 Q0 3327045 1
1063750 Q0 3327047 0
1063750 Q0 3327049 1
1063750 Q0 3327051 0
1063750 Q0 3327052 0
1063750 Q0 3334065 0
1063750 Q0 3376179 0
1063750 Q0 3376182 1
1063750 Q0 3376183 1
1063750 Q0 3394536 1
1063750 Q0 3394537 1
1063750 Q0 3429512 0
1063750 Q0 3455651 0
1063750 Q0 3484001 0
1063750 Q0 3484002 0
1063750 Q0 3503271 0
1063750 Q0 3504317 0
1063750 Q0 3516677 1
1063750 Q0 3526676 0
1063750 Q0 3580892 0
1063750 Q0 3610440 0
1063750 Q0 3610442 0
1063750 Q0 3610444 0
1063750 Q0 3610445 1
1063750 Q0 3610446 0
1063750 Q0 3633193 0
1063750 Q0 3633196 0
1063750 Q0 3633198 0
1063750 Q0 3654233 1
1063750 Q0 3654234 0
1063750 Q0 3654235 1
1063750 Q0 3654236 0
1063750 Q0 3672921 1
1063750 Q0 3676181 0
1063750 Q0 3676183 0
1063750 Q0 3676185 1
1063750 Q0 3765642 0
1063750 Q0 3802479 0
1063750 Q0 3802485 1
1063750 Q0 3802487 1
1063750 Q0 3802488 1
1063750 Q0 3805477 0
1063750 Q0 3871549 1
1063750 Q0 3903902 0
1063750 Q0 3943704 0
1063750 Q0 3959834 0
1063750 Q0 3965096 0
1063750 Q0 3973418 1
1063750 Q0 3973423 1
1063750 Q0 4066863 1
1063750 Q0 4080384 0
1063750 Q0 4096516 0
1063750 Q0 4100037 1
1063750 Q0 4158204 0
1063750 Q0 4158206 1
1063750 Q0 415836 0
1063750 Q0 4164404 0
1063750 Q0 4193159 0
1063750 Q0 4310511 1
1063750 Q0 4310512 1
1063750 Q0 4329899 0
1063750 Q0 4330925 0
1063750 Q0 4330928 0
1063750 Q0 4337526 1
1063750 Q0 4337527 1
1063750 Q0 4337528 1
1063750 Q0 4337529 1
1063750 Q0 4337532 1
1063750 Q0 4341365 0
1063750 Q0 4487115 1
1063750 Q0 4487118 1
1063750 Q0 4541453 0
1063750 Q0 45591 0
1063750 Q0 4559127 0
1063750 Q0 4559128 0
1063750 Q0 4559130 1
1063750 Q0 4559132 0
1063750 Q0 45592 1
1063750 Q0 4594376 0
1063750 Q0 4594377 0
1063750 Q0 4594382 1
1063750 Q0 4681092 0
1063750 Q0 4681094 1
1063750 Q0 4712113 1
1063750 Q0 4712119 1
1063750 Q0 4718159 1
1063750 Q0 4718161 1
1063750 Q0 4788295 0
1063750 Q0 4788296 0
1063750 Q0 4788297 0
1063750 Q0 4788299 0
1063750 Q0 4802035 1
1063750 Q0 4802036 0
1063750 Q0 4823168 0
1063750 Q0 4823169 0
1063750 Q0 4834969 1
1063750 Q0 4834974 1
1063750 Q0 4844353 0
1063750 Q0 4854132 0
1063750 Q0 4895432 0
1063750 Q0 4905510 0
1063750 Q0 4914009 0
1063750 Q0 5006969 1
1063750 Q0 5006973 0
1063750 Q0 5057640 0
1063750 Q0 5115489 0
1063750 Q0 5115490 0
1063750 Q0 5120823 0
1063750 Q0 5138673 0
1063750 Q0 5138680 1
1063750 Q0 5166434 1
1063750 Q0 5204902 0
1063750 Q0 5204904 1
1063750 Q0 5204905 0
1063750 Q0 5204906 0
1063750 Q0 5256198 0
1063750 Q0 5287968 1
1063750 Q0 5311939 0
1063750 Q0 5311940 0
1063750 Q0 5360356 1
1063750 Q0 5360360 0
1063750 Q0 5360361 0
1063750 Q0 5412858 1
1063750 Q0 5416787 0
1063750 Q0 5416789 0
1063750 Q0 5423930 0
1063750 Q0 5423931 0
1063750 Q0 5424172 1
1063750 Q0 5442711 1
1063750 Q0 5442713 1
1063750 Q0 5442715 0
1063750 Q0 5442716 0
1063750 Q0 5442717 0
1063750 Q0 5442718 1
1063750 Q0 5452779 0
1063750 Q0 5489026 0
1063750 Q0 5519516 0
1063750 Q0 5539843 0
1063750 Q0 5657603 0
1063750 Q0 5766337 1
1063750 Q0 5766342 0
1063750 Q0 5766345 1
1063750 Q0 5825113 0
1063750 Q0 584334 0
1063750 Q0 5956099 1
1063750 Q0 5956102 1
1063750 Q0 5956106 1
1063750 Q0 6093904 0
1063750 Q0 6093907 0
1063750 Q0 6093910 0
1063750 Q0 6093911 0
1063750 Q0 6127382 0
1063750 Q0 6127385 0
1063750 Q0 6127389 1
1063750 Q0 621539 1
1063750 Q0 621544 0
1063750 Q0 6232574 1
1063750 Q0 6331478 1
1063750 Q0 6331481 1
1063750 Q0 6341347 0
1063750 Q0 6347199 1
1063750 Q0 6347200 1
1063750 Q0 6347203 0
1063750 Q0 6347205 1
1063750 Q0 6347206 1
1063750 Q0 6347207 1
1063750 Q0 6436703 0
1063750 Q0 6463845 0
1063750 Q0 6465909 0
1063750 Q0 6465910 1
1063750 Q0 6465912 1
1063750 Q0 6572590 0
1063750 Q0 6572591 0
1063750 Q0 6572596 0
1063750 Q0 6599404 1
1063750 Q0 6666444 1
1063750 Q0 6666451 0
1063750 Q0 6673653 0
1063750 Q0 684828 1
1063750 Q0 689732 0
1063750 Q0 6987647 1
1063750 Q0 7122836 0
1063750 Q0 7122842 1
1063750 Q0 7122843 0
1063750 Q0 7146775 1
1063750 Q0 7146776 0
1063750 Q0 7146777 1
1063750 Q0 7146779 0
1063750 Q0 7146780 1
1063750 Q0 7146781 1
1063750 Q0 7146782 0
1063750 Q0 7146783 0
1063750 Q0 7166531 0
1063750 Q0 7247262 1
1063750 Q0 7247263 0
1063750 Q0 7247264 0
1063750 Q0 7247268 0
1063750 Q0 7412324 0
1063750 Q0 7494554 0
1063750 Q0 7497727 0
1063750 Q0 7571423 1
1063750 Q0 7571424 1
1063750 Q0 7571428 1
1063750 Q0 759813 1
1063750 Q0 7742956 1
1063750 Q0 7778337 0
1063750 Q0 7778348 0
1063750 Q0 7778351 0
1063750 Q0 7778354 1
1063750 Q0 7791760 1
1063750 Q0 7791761 1
1063750 Q0 7837936 1
1063750 Q0 7837938 1
1063750 Q0 7857767 0
1063750 Q0 7860029 0
1063750 Q0 7862343 1
1063750 Q0 7862344 0
1063750 Q0 7874986 0
1063750 Q0 7882525 1
1063750 Q0 7952964 1
1063750 Q0 7952965 1
1063750 Q0 7952966 1
1063750 Q0 7952967 1
1063750 Q0 7952969 1
1063750 Q0 7952971 1
1063750 Q0 7959124 0
1063750 Q0 7989977 0
1063750 Q0 8000911 0
1063750 Q0 8006005 0
1063750 Q0 8123913 0
1063750 Q0 8157237 0
1063750 Q0 8170637 0
1063750 Q0 8170638 1
1063750 Q0 8170640 1
1063750 Q0 8183810 0
1063750 Q0 819283 0
1063750 Q0 819284 0
1063750 Q0 8194910 0
1063750 Q0 8239876 1
1063750 Q0 8239877 1
1063750 Q0 8384972 0
1063750 Q0 8384973 0
1063750 Q0 8384975 1
1063750 Q0 8384979 1
1063750 Q0 8418275 0
1063750 Q0 8640242 0
1063750 Q0 8658912 0
1063750 Q0 8658915 0
1063750 Q0 8658918 0
1063750 Q0 8669866 1
1063750 Q0 8689799 0
1063750 Q0 8697948 1
1063750 Q0 8722081 1
1063750 Q0 876066 0
1063750 Q0 8778501 0
1063750 Q0 8781645 0
1063750 Q0 8821734 1
1063750 Q0 8821735 1
1063750 Q0 8821736 1
1063750 Q0 8821738 1
1063750 Q0 8821739 1
1063750 Q0 973371 1
1103812 Q0 1016020 0
1103812 Q0 1059165 0
1103812 Q0 1059166 0
1103812 Q0 1089781 0
1103812 Q0 1101246 0
1103812 Q0 124921 0
1103812 Q0 1315739 0
1103812 Q0 1446946 0
1103812 Q0 1614303 0
1103812 Q0 1614305 0
1103812 Q0 1614308 0
1103812 Q0 1659850 0
1103812 Q0 1659852 1
1103812 Q0 2111232 0
1103812 Q0 2165733 0
1103812 Q0 2288 0
1103812 Q0 2332189 0
1103812 Q0 2334432 0
1103812 Q0 2360676 0
1103812 Q0 2473598 0
1103812 Q0 2514948 0
1103812 Q0 2535841 0
1103812 Q0 2557565 0
1103812 Q0 2703111 0
1103812 Q0 2703113 0
1103812 Q0 2745573 0
1103812 Q0 2749975 0
1103812 Q0 2750960 0
1103812 Q0 2750961 0
1103812 Q0 2750965 0
1103812 Q0 2845346 0
1103812 Q0 2919990 0
1103812 Q0 2919991 0
1103812 Q0 2919992 0
1103812 Q0 2945092 0
1103812 Q0 2945095 0
1103812 Q0 2945096 0
1103812 Q0 2969376 0
1103812 Q0 2969378 0
1103812 Q0 3049484 0
1103812 Q0 3234230 0
1103812 Q0 3248098 0
1103812 Q0 3425644 0
1103812 Q0 3543021 0
1103812 Q0 3591094 0
1103812 Q0 3620802 0
1103812 Q0 3663740 0
1103812 Q0 3672744 0
1103812 Q0 3682762 0
1103812 Q0 36974 0
1103812 Q0 3708772 0
1103812 Q0 3773617 0
1103812 Q0 3773618 1
1103812 Q0 3816614 0
1103812 Q0 3843263 0
1103812 Q0 3843266 0
1103812 Q0 3843267 1
1103812 Q0 3843269 0
1103812 Q0 3843270 1
1103812 Q0 3843271 0
1103812 Q0 3887014 0
1103812 Q0 3940091 1
1103812 Q0 3978768 0
1103812 Q0 4087886 0
1103812 Q0 4103613 0
1103812 Q0 4111879 0
1103812 Q0 415058 0
1103812 Q0 4292848 0
1103812 Q0 4306205 0
1103812 Q0 4306208 0
1103812 Q0 4401695 1
1103812 Q0 442560 0
1103812 Q0 4455026 0
1103812 Q0 4680854 0
1103812 Q0 4726841 0
1103812 Q0 4726842 0
1103812 Q0 4824831 0
1103812 Q0 4824834 0
1103812 Q0 4824835 0
1103812 Q0 4824836 0
1103812 Q0 4879962 0
1103812 Q0 4887121 0
1103812 Q0 5096997 0
1103812 Q0 5190505 0
1103812 Q0 5255728 0
1103812 Q0 5290795 0
1103812 Q0 5300892 0
1103812 Q0 5372067 0
1103812 Q0 5426550 0
1103812 Q0 5573704 0
1103812 Q0 5581832 0
1103812 Q0 5581834 0
1103812 Q0 5581838 0
1103812 Q0 5581839 0
1103812 Q0 5581840 0
1103812 Q0 5742519 0
1103812 Q0 5828978 0
1103812 Q0 5938750 0
1103812 Q0 5944166 0
1103812 Q0 5973847 0
1103812 Q0 5974245 0
1103812 Q0 5980975 0
1103812 Q0 6122381 0
1103812 Q0 6289840 0
1103812 Q0 645469 0
1103812 Q0 6533348 0
1103812 Q0 6651077 0
1103812 Q0 6651081 0
1103812 Q0 6908050 0
1103812 Q0 7038638 0
1103812 Q0 7206366 0
1103812 Q0 723320 0
1103812 Q0 7280665 0
1103812 Q0 7314746 0
1103812 Q0 7430771 0
1103812 Q0 7650899 0
1103812 Q0 7753284 0
1103812 Q0 7753286 0
1103812 Q0 7753287 1
1103812 Q0 779160 0
1103812 Q0 8049013 1
1103812 Q0 8138253 0
1103812 Q0 8138254 0
1103812 Q0 8157968 0
1103812 Q0 8220081 1
1103812 Q0 8220084 0
1103812 Q0 8220085 1
1103812 Q0 8220086 0
1103812 Q0 8220087 0
1103812 Q0 8220088 0
1103812 Q0 8220089 1
1103812 Q0 8224181 0
1103812 Q0 8224183 0
1103812 Q0 8257422 0
1103812 Q0 8293805 0
1103812 Q0 8388942 0
1103812 Q0 8505499 0
1103812 Q0 900790 0
1103812 Q0 947378 0
1103812 Q0 947384 0
1103812 Q0 961775 0
1106007 Q0 1020463 0
1106007 Q0 1040867 0
1106007 Q0 1195441 0
1106007 Q0 1334328 1
1106007 Q0 1334330 1
1106007 Q0 1334331 1
1106007 Q0 1334332 0
1106007 Q0 1334334 1
1106007 Q0 1334335 1
1106007 Q0 1334336 1
1106007 Q0 1342527 0
1106007 Q0 1495798 0
1106007 Q0 152843 0
1106007 Q0 1530299 0
1106007 Q0 1560237 0
1106007 Q0 1560243 0
1106007 Q0 1601160 0
1106007 Q0 1628786 0
1106007 Q0 1646610 0
1106007 Q0 1692218 0
1106007 Q0 1817847 0
1106007 Q0 1869447 0
1106007 Q0 1905163 0
1106007 Q0 1905166 0
1106007 Q0 1922002 0
1106007 Q0 1985054 0
1106007 Q0 1985824 0
1106007 Q0 2002045 1
1106007 Q0 2061700 0
1106007 Q0 2061702 0
1106007 Q0 2061706 0
1106007 Q0 2143418 0
1106007 Q0 217594 0
1106007 Q0 2188708 0
1106007 Q0 2379603 0
1106007 Q0 2384069 0
1106007 Q0 2430920 0
1106007 Q0 2464375 1
1106007 Q0 2503631 0
1106007 Q0 2513604 0
1106007 Q0 2513608 0
1106007 Q0 2513609 0
1106007 Q0 2602346 0
1106007 Q0 2602354 0
1106007 Q0 2621974 0
1106007 Q0 2621980 0
1106007 Q0 2621981 0
1106007 Q0 2672601 1
1106007 Q0 2672608 1
1106007 Q0 2704141 0
1106007 Q0 272753 1
1106007 Q0 272761 1
1106007 Q0 2770271 0
1106007 Q0 2827493 0
1106007 Q0 2830035 0
1106007 Q0 2838380 0
1106007 Q0 2866630 1
1106007 Q0 2866634 0
1106007 Q0 293370 0
1106007 Q0 2957674 0
1106007 Q0 2960558 0
1106007 Q0 2960561 1
1106007 Q0 2960563 1
1106007 Q0 2960564 0
1106007 Q0 2960566 1
1106007 Q0 305023 0
1106007 Q0 305024 0
1106007 Q0 3137010 0
1106007 Q0 3261871 0
1106007 Q0 3269501 0
1106007 Q0 3377051 0
1106007 Q0 3470705 1
1106007 Q0 3530021 0
1106007 Q0 3537614 0
1106007 Q0 3573382 0
1106007 Q0 3686197 0
1106007 Q0 388338 0
1106007 Q0 3911816 0
1106007 Q0 3935902 0
1106007 Q0 4036926 0
1106007 Q0 4089153 0
1106007 Q0 4173705 0
1106007 Q0 4173709 1
1106007 Q0 4173712 0
1106007 Q0 4255223 0
1106007 Q0 4382104 0
1106007 Q0 4490071 0
1106007 Q0 4787149 1
1106007 Q0 4787153 1
1106007 Q0 4787155 0
1106007 Q0 4787157 1
1106007 Q0 483330 0
1106007 Q0 4953437 0
1106007 Q0 4997344 0
1106007 Q0 5144927 0
1106007 Q0 5174765 0
1106007 Q0 5204536 1
1106007 Q0 5204538 1
1106007 Q0 5228015 0
1106007 Q0 5228016 0
1106007 Q0 5279699 0
1106007 Q0 5279702 0
1106007 Q0 5279704 0
1106007 Q0 5468859 0
1106007 Q0 5479544 0
1106007 Q0 5716681 0
1106007 Q0 5774818 1
1106007 Q0 5780384 0
1106007 Q0 5780388 0
1106007 Q0 5780391 1
1106007 Q0 5836920 0
1106007 Q0 5900134 0
1106007 Q0 6032859 0
1106007 Q0 6126194 0
1106007 Q0 6163205 0
1106007 Q0 6282108 0
1106007 Q0 6303269 0
1106007 Q0 6523354 0
1106007 Q0 6582343 0
1106007 Q0 6628124 0
1106007 Q0 6942456 0
1106007 Q0 6958146 0
1106007 Q0 701607 0
1106007 Q0 7022723 0
1106007 Q0 7042681 0
1106007 Q0 7042683 0
1106007 Q0 7500585 1
1106007 Q0 7500586 1
1106007 Q0 7500587 1
1106007 Q0 7507613 0
1106007 Q0 751502 0
1106007 Q0 765658 0
1106007 Q0 765663 0
1106007 Q0 7685380 1
1106007 Q0 7685382 1
1106007 Q0 7685383 0
1106007 Q0 7685384 0
1106007 Q0 7685385 1
1106007 Q0 7685388 1
1106007 Q0 769287 0
1106007 Q0 7726655 0
1106007 Q0 7797163 0
1106007 Q0 7797167 1
1106007 Q0 788333 0
1106007 Q0 7948406 0
1106007 Q0 8017047 0
1106007 Q0 8137967 0
1106007 Q0 8141086 0
1106007 Q0 8141088 0
1106007 Q0 817030 0
1106007 Q0 8179612 0
1106007 Q0 8199520 0
1106007 Q0 8199521 0
1106007 Q0 8199523 0
1106007 Q0 8199524 0
1106007 Q0 8204457 1
1106007 Q0 8204460 0
1106007 Q0 8204462 1
1106007 Q0 8204463 1
1106007 Q0 8204464 0
1106007 Q0 8398353 0
1106007 Q0 8417995 0
1106007 Q0 8428884 0
1106007 Q0 8482490 0
1106007 Q0 8489755 0
1106007 Q0 8502783 1
1106007 Q0 8521668 0
1106007 Q0 8521673 1
1106007 Q0 8596072 0
1106007 Q0 8596078 1
1106007 Q0 8685446 1
1106007 Q0 8685453 0
1106007 Q0 8742532 0
1106007 Q0 883073 0
1106007 Q0 920778 0
1106007 Q0 954035 1
1106007 Q0 954040 0
1106007 Q0 99720 0
1110199 Q0 1009248 0
1110199 Q0 1063125 0
1110199 Q0 1184082 0
1110199 Q0 1276863 0
1110199 Q0 1321204 0
1110199 Q0 1321205 0
1110199 Q0 1334300 0
1110199 Q0 1426939 0
1110199 Q0 167604 0
1110199 Q0 1732296 1
1110199 Q0 1809183 0
1110199 Q0 1809283 0
1110199 Q0 1852785 0
1110199 Q0 1875919 0
1110199 Q0 1890810 0
1110199 Q0 1901875 1
1110199 Q0 1901876 1
1110199 Q0 1901877 1
1110199 Q0 1901878 1
1110199 Q0 1901879 1
1110199 Q0 1901881 1
1110199 Q0 1901882 1
1110199 Q0 2080928 0
1110199 Q0 2124236 0
1110199 Q0 2218462 0
1110199 Q0 2241120 0
1110199 Q0 2301118 0
1110199 Q0 2301119 0
1110199 Q0 2316518 0
1110199 Q0 2316524 0
1110199 Q0 2316525 0
1110199 Q0 239443 0
1110199 Q0 239444 1
1110199 Q0 2594143 0
1110199 Q0 2655843 0
1110199 Q0 2655849 0
1110199 Q0 2657988 0
1110199 Q0 2657989 0
1110199 Q0 2710941 0
1110199 Q0 2735753 0
1110199 Q0 2796199 0
1110199 Q0 2796830 0
1110199 Q0 2811563 0
1110199 Q0 2854609 0
1110199 Q0 2854615 0
1110199 Q0 2854616 0
1110199 Q0 2925198 0
1110199 Q0 3005909 0
1110199 Q0 3083427 0
1110199 Q0 3110637 1
1110199 Q0 3110638 0
1110199 Q0 3230845 0
1110199 Q0 3270582 0
1110199 Q0 3270584 0
1110199 Q0 3272906 0
1110199 Q0 3272910 0
1110199 Q0 3272914 0
1110199 Q0 3524269 0
1110199 Q0 3583051 0
1110199 Q0 3664802 0
1110199 Q0 3684454 0
1110199 Q0 3780506 0
1110199 Q0 3838638 1
1110199 Q0 3838641 0
1110199 Q0 3838643 0
1110199 Q0 3838645 1
1110199 Q0 3882016 0
1110199 Q0 3917005 0
1110199 Q0 3934419 0
1110199 Q0 3955247 0
1110199 Q0 3972098 0
1110199 Q0 398442 0
1110199 Q0 4050804 0
1110199 Q0 4053650 1
1110199 Q0 4053652 1
1110199 Q0 4057232 0
1110199 Q0 4107781 0
1110199 Q0 4218460 0
1110199 Q0 4268428 0
1110199 Q0 4489656 0
1110199 Q0 4504233 1
1110199 Q0 4511137 1
1110199 Q0 4511144 1
1110199 Q0 4824516 0
1110199 Q0 4949578 0
1110199 Q0 4994893 0
1110199 Q0 5007789 0
1110199 Q0 5049362 0
1110199 Q0 5049363 1
1110199 Q0 5049366 0
1110199 Q0 5049368 0
1110199 Q0 5060491 0
1110199 Q0 5074862 0
1110199 Q0 5172684 0
1110199 Q0 5218014 1
1110199 Q0 5355385 0
1110199 Q0 5360063 0
1110199 Q0 5495455 0
1110199 Q0 5516092 0
1110199 Q0 554521 0
1110199 Q0 5550404 0
1110199 Q0 557605 0
1110199 Q0 558317 0
1110199 Q0 5701619 0
1110199 Q0 5716613 0
1110199 Q0 5846443 0
1110199 Q0 5857921 0
1110199 Q0 5857923 0
1110199 Q0 5857924 0
1110199 Q0 5857927 0
1110199 Q0 5905626 0
1110199 Q0 6056862 0
1110199 Q0 6077239 0
1110199 Q0 610745 0
1110199 Q0 6161010 0
1110199 Q0 6287739 0
1110199 Q0 6368887 1
1110199 Q0 6368889 0
1110199 Q0 6368891 1
1110199 Q0 6368892 0
1110199 Q0 6383460 0
1110199 Q0 6392463 0
1110199 Q0 6462667 0
1110199 Q0 6508893 0
1110199 Q0 6547512 0
1110199 Q0 6548510 0
1110199 Q0 6548514 0
1110199 Q0 6549462 0
1110199 Q0 666574 0
1110199 Q0 7085489 0
1110199 Q0 7143611 0
1110199 Q0 7157857 0
1110199 Q0 7221361 0
1110199 Q0 7221362 0
1110199 Q0 7221363 0
1110199 Q0 7221366 1
1110199 Q0 7240261 0
1110199 Q0 7300777 0
1110199 Q0 7300778 0
1110199 Q0 7344199 0
1110199 Q0 7430888 0
1110199 Q0 7552081 0
1110199 Q0 7651294 0
1110199 Q0 7675377 0
1110199 Q0 7680811 0
1110199 Q0 7821191 0
1110199 Q0 7834869 0
1110199 Q0 8003348 0
1110199 Q0 8157172 0
1110199 Q0 8160518 1
1110199 Q0 8160519 0
1110199 Q0 8160520 1
1110199 Q0 8160521 1
1110199 Q0 8160522 1
1110199 Q0 8160524 1
1110199 Q0 8160526 0
1110199 Q0 8160527 1
1110199 Q0 8301971 0
1110199 Q0 830201 0
1110199 Q0 8316555 0
1110199 Q0 8404305 0
1110199 Q0 8478604 0
1110199 Q0 847931 0
1110199 Q0 8521870 0
1110199 Q0 8559358 0
1110199 Q0 8625338 0
1110199 Q0 8627590 0
1110199 Q0 863984 0
1110199 Q0 865071 0
1110199 Q0 8747523 0
1110199 Q0 879021 0
1110199 Q0 885240 0
1110199 Q0 885242 0
1110199 Q0 986786 0
1110199 Q0 995389 0
1112341 Q0 1035060 1
1112341 Q0 1035061 1
1112341 Q0 1035062 1
1112341 Q0 1035063 1
1112341 Q0 1035064 1
1112341 Q0 1035065 1
1112341 Q0 1035066 1
1112341 Q0 1035067 1
1112341 Q0 1035068 1
1112341 Q0 115980 0
1112341 Q0 1228458 1
1112341 Q0 1253945 1
1112341 Q0 1253949 0
1112341 Q0 1253950 0
1112341 Q0 1253952 1
1112341 Q0 1267515 1
1112341 Q0 1267516 1
1112341 Q0 1267517 1
1112341 Q0 1267518 1
1112341 Q0 1267519 1
1112341 Q0 1267520 1
1112341 Q0 1288918 0
1112341 Q0 1330287 0
1112341 Q0 1369480 0
1112341 Q0 1369482 1
1112341 Q0 1373646 0
1112341 Q0 1373648 0
1112341 Q0 1373651 0
1112341 Q0 1659006 0
1112341 Q0 1675296 0
1112341 Q0 1702898 1
1112341 Q0 1702901 0
1112341 Q0 1702902 1
1112341 Q0 1702905 0
1112341 Q0 1707312 0
1112341 Q0 1707313 1
1112341 Q0 1707314 1
1112341 Q0 1707315 1
1112341 Q0 1707316 1
1112341 Q0 1707317 1
1112341 Q0 1707318 1
1112341 Q0 1707319 1
1112341 Q0 1707321 0
1112341 Q0 1998330 1
1112341 Q0 1998331 1
1112341 Q0 1998332 1
1112341 Q0 1998333 1
1112341 Q0 1998335 1
1112341 Q0 1998338 1
1112341 Q0 2026107 0
1112341 Q0 2096427 0
1112341 Q0 2096429 0
1112341 Q0 2155567 1
1112341 Q0 2173822 0
1112341 Q0 243799 0
1112341 Q0 2468291 1
1112341 Q0 2468292 1
1112341 Q0 2468293 0
1112341 Q0 2468295 1
1112341 Q0 2468296 1
1112341 Q0 2468297 1
1112341 Q0 2468298 1
1112341 Q0 2468299 1
1112341 Q0 2468300 0
1112341 Q0 2596431 0
1112341 Q0 2596432 1
1112341 Q0 2616109 0
1112341 Q0 263958 0
1112341 Q0 2694630 0
1112341 Q0 2694631 1
1112341 Q0 2694632 1
1112341 Q0 2694635 1
1112341 Q0 2694636 1
1112341 Q0 2735215 0
1112341 Q0 2735216 0
1112341 Q0 2735219 1
1112341 Q0 2834563 0
1112341 Q0 2834566 0
1112341 Q0 2834568 0
1112341 Q0 2860741 0
1112341 Q0 2860744 1
1112341 Q0 2860747 1
1112341 Q0 2860749 1
1112341 Q0 2925770 1
1112341 Q0 2936512 1
1112341 Q0 2936513 1
1112341 Q0 3016394 1
1112341 Q0 3041083 1
1112341 Q0 3041085 0
1112341 Q0 3041090 0
1112341 Q0 3041092 0
1112341 Q0 3051098 0
1112341 Q0 3254436 0
1112341 Q0 3352255 1
1112341 Q0 3352256 1
1112341 Q0 3406647 0
1112341 Q0 3408231 1
1112341 Q0 3408233 0
1112341 Q0 3408235 0
1112341 Q0 345581 1
1112341 Q0 345585 1
1112341 Q0 3473123 0
1112341 Q0 3490001 0
1112341 Q0 355109 1
1112341 Q0 355110 0
1112341 Q0 355114 1
1112341 Q0 355115 1
1112341 Q0 355117 1
1112341 Q0 355118 1
1112341 Q0 3552356 1
1112341 Q0 3555943 0
1112341 Q0 3587856 0
1112341 Q0 3670747 1
1112341 Q0 3670748 1
1112341 Q0 3670750 1
1112341 Q0 3670754 1
1112341 Q0 3670756 1
1112341 Q0 3795887 0
1112341 Q0 400581 0
1112341 Q0 400582 0
1112341 Q0 4102529 1
1112341 Q0 4161482 1
1112341 Q0 4192795 0
1112341 Q0 4236660 0
1112341 Q0 4303003 0
1112341 Q0 4332412 0
1112341 Q0 4390797 0
1112341 Q0 4415267 0
1112341 Q0 4416071 1
1112341 Q0 4416076 1
1112341 Q0 4566122 1
1112341 Q0 4566125 1
1112341 Q0 4595993 1
1112341 Q0 4595995 1
1112341 Q0 4595999 0
1112341 Q0 4610444 0
1112341 Q0 4704992 0
1112341 Q0 4977768 1
1112341 Q0 5043407 0
1112341 Q0 5043409 1
1112341 Q0 5133283 1
1112341 Q0 5133287 1
1112341 Q0 5133288 1
1112341 Q0 5192037 1
1112341 Q0 524254 0
1112341 Q0 550571 0
1112341 Q0 5934809 0
1112341 Q0 6016292 0
1112341 Q0 6088911 0
1112341 Q0 6102033 1
1112341 Q0 6164791 1
1112341 Q0 6303182 1
1112341 Q0 6303183 1
1112341 Q0 6303184 1
1112341 Q0 6303185 0
1112341 Q0 6303186 1
1112341 Q0 6303187 1
1112341 Q0 6311795 1
1112341 Q0 6311799 1
1112341 Q0 6311801 1
1112341 Q0 6315810 0
1112341 Q0 6342847 1
1112341 Q0 6416487 0
1112341 Q0 6478665 0
1112341 Q0 6664183 0
1112341 Q0 667310 0
1112341 Q0 6715183 0
1112341 Q0 6718885 0
1112341 Q0 6726337 0
1112341 Q0 6726340 1
1112341 Q0 6726344 1
1112341 Q0 6726346 0
1112341 Q0 6740555 0
1112341 Q0 6740558 0
1112341 Q0 6947370 0
1112341 Q0 7088035 1
1112341 Q0 7088036 1
1112341 Q0 7088037 1
1112341 Q0 7088038 0
1112341 Q0 7088039 1
1112341 Q0 7088040 0
1112341 Q0 7088041 1
1112341 Q0 7166531 0
1112341 Q0 733687 0
1112341 Q0 7349793 0
1112341 Q0 7373078 1
1112341 Q0 7373085 1
1112341 Q0 7404107 0
1112341 Q0 7515009 0
1112341 Q0 7516467 1
1112341 Q0 7516470 0
1112341 Q0 7615749 0
1112341 Q0 7635722 0
1112341 Q0 7708629 1
1112341 Q0 7714607 1
1112341 Q0 7752460 0
1112341 Q0 8134789 1
1112341 Q0 8134790 0
1112341 Q0 8134792 0
1112341 Q0 8134793 1
1112341 Q0 8134796 0
1112341 Q0 8134797 1
1112341 Q0 8139249 1
1112341 Q0 8139251 0
1112341 Q0 8139252 1
1112341 Q0 8139255 1
1112341 Q0 8139256 1
1112341 Q0 8139257 1
1112341 Q0 8139258 1
1112341 Q0 8316213 0
1112341 Q0 8442174 0
1112341 Q0 8442177 0
1112341 Q0 8442178 0
1112341 Q0 848957 0
1112341 Q0 848961 0
1112341 Q0 8549569 0
1112341 Q0 8606160 0
1112341 Q0 8700906 0
1112341 Q0 8773882 0
1112341 Q0 90432 0
1112341 Q0 90433 0
1112341 Q0 917582 1
1112341 Q0 943110 0
1113437 Q0 1066532 0
1113437 Q0 1066539 0
1113437 Q0 1218865 0
1113437 Q0 1280238 0
1113437 Q0 1280565 0
1113437 Q0 1280568 0
1113437 Q0 1280569 0
1113437 Q0 1280571 0
1113437 Q0 1411653 0
1113437 Q0 1411655 0
1113437 Q0 1454812 0
1113437 Q0 1454814 0
1113437 Q0 1486345 0
1113437 Q0 156331 0
1113437 Q0 156334 0
1113437 Q0 1681783 0
1113437 Q0 1681785 1
1113437 Q0 1715079 0
1113437 Q0 1768727 1
1113437 Q0 1768728 0
1113437 Q0 1768729 0
1113437 Q0 1768734 0
1113437 Q0 2001933 0
1113437 Q0 2001934 1
1113437 Q0 2001935 0
1113437 Q0 2001936 0
1113437 Q0 213005 0
1113437 Q0 213011 0
1113437 Q0 2226349 0
1113437 Q0 2264197 0
1113437 Q0 2302725 0
1113437 Q0 2354941 0
1113437 Q0 2354947 0
1113437 Q0 2535148 0
1113437 Q0 2641642 0
1113437 Q0 2714589 0
1113437 Q0 2884191 0
1113437 Q0 3026984 0
1113437 Q0 3044562 0
1113437 Q0 3064610 0
1113437 Q0 3089474 0
1113437 Q0 3107751 0
1113437 Q0 3125146 0
1113437 Q0 3125150 0
1113437 Q0 3125152 0
1113437 Q0 3125153 0
1113437 Q0 3125154 0
1113437 Q0 3125155 1
1113437 Q0 3132938 0
1113437 Q0 3339525 0
1113437 Q0 3357726 0
1113437 Q0 3378554 0
1113437 Q0 3405849 0
1113437 Q0 3436902 0
1113437 Q0 3440587 0
1113437 Q0 351824 1
1113437 Q0 351827 0
1113437 Q0 3518300 0
1113437 Q0 3648205 0
1113437 Q0 3673401 0
1113437 Q0 3685677 0
1113437 Q0 3687620 1
1113437 Q0 3687624 0
1113437 Q0 3851625 0
1113437 Q0 3880944 1
1113437 Q0 3997986 0
1113437 Q0 4003982 0
1113437 Q0 4016930 0
1113437 Q0 4016933 0
1113437 Q0 4016937 0
1113437 Q0 4016938 0
1113437 Q0 4016939 0
1113437 Q0 4216338 0
1113437 Q0 4221361 0
1113437 Q0 4367828 0
1113437 Q0 4367832 0
1113437 Q0 4486954 0
1113437 Q0 4487204 0
1113437 Q0 4498864 0
1113437 Q0 457996 0
1113437 Q0 4628484 0
1113437 Q0 4715377 0
1113437 Q0 4751835 0
1113437 Q0 4751839 0
1113437 Q0 4783292 0
1113437 Q0 4841345 0
1113437 Q0 4981632 0
1113437 Q0 5188745 0
1113437 Q0 5188746 0
1113437 Q0 5188747 0
1113437 Q0 520325 0
1113437 Q0 5346404 0
1113437 Q0 5362609 0
1113437 Q0 5372030 0
1113437 Q0 5514592 0
1113437 Q0 5514593 0
1113437 Q0 5546283 0
1113437 Q0 5546284 1
1113437 Q0 5546285 0
1113437 Q0 5546286 1
1113437 Q0 5546287 0
1113437 Q0 5546288 1
1113437 Q0 5546289 0
1113437 Q0 5591643 0
1113437 Q0 5779218 0
1113437 Q0 5781995 0
1113437 Q0 580971 0
1113437 Q0 5863434 0
1113437 Q0 5938418 0
1113437 Q0 5938421 0
1113437 Q0 594251 0
1113437 Q0 5955948 0
1113437 Q0 5987829 0
1113437 Q0 5996691 0
1113437 Q0 6017945 0
1113437 Q0 6021898 0
1113437 Q0 6021900 0
1113437 Q0 6021902 0
1113437 Q0 6088984 0
1113437 Q0 6174327 0
1113437 Q0 6174328 1
1113437 Q0 6174329 0
1113437 Q0 6174330 0
1113437 Q0 6302495 0
1113437 Q0 631949 1
1113437 Q0 6455610 0
1113437 Q0 6511446 0
1113437 Q0 6597538 0
1113437 Q0 6601847 0
1113437 Q0 6601849 0
1113437 Q0 6688843 1
1113437 Q0 6688846 1
1113437 Q0 6688848 0
1113437 Q0 6765123 0
1113437 Q0 6792385 0
1113437 Q0 6992977 0
1113437 Q0 7096023 0
1113437 Q0 7368423 0
1113437 Q0 7368427 0
1113437 Q0 7377270 1
1113437 Q0 7377271 0
1113437 Q0 7377272 1
1113437 Q0 7377274 1
1113437 Q0 7377275 0
1113437 Q0 7377276 0
1113437 Q0 7377277 1
1113437 Q0 7377278 1
1113437 Q0 7385216 0
1113437 Q0 7385217 0
1113437 Q0 7385219 0
1113437 Q0 7385221 1
1113437 Q0 7385222 0
1113437 Q0 742037 0
1113437 Q0 742041 0
1113437 Q0 742044 1
1113437 Q0 7430236 0
1113437 Q0 7430238 0
1113437 Q0 7497491 1
1113437 Q0 7497492 1
1113437 Q0 7497493 0
1113437 Q0 7497495 0
1113437 Q0 7618564 0
1113437 Q0 7890531 0
1113437 Q0 8050330 0
1113437 Q0 806849 0
1113437 Q0 8128790 0
1113437 Q0 8128794 1
1113437 Q0 8128796 1
1113437 Q0 8128798 0
1113437 Q0 8162984 0
1113437 Q0 8336306 0
1113437 Q0 8503446 0
1113437 Q0 8503453 0
1113437 Q0 8503455 0
1113437 Q0 8566587 0
1113437 Q0 8566591 0
1113437 Q0 8599281 0
1113437 Q0 8729215 0
1113437 Q0 8729216 0
1113437 Q0 8729219 0
1114646 Q0 1002453 0
1114646 Q0 1216492 0
1114646 Q0 1316103 0
1114646 Q0 1316109 0
1114646 Q0 1342262 0
1114646 Q0 1342263 0
1114646 Q0 1544838 0
1114646 Q0 1576677 0
1114646 Q0 1786848 0
1114646 Q0 1881845 0
1114646 Q0 1884059 0
1114646 Q0 1913368 0
1114646 Q0 1913374 0
1114646 Q0 2190338 0
1114646 Q0 2201127 0
1114646 Q0 2246765 0
1114646 Q0 2248435 0
1114646 Q0 2296796 0
1114646 Q0 2296797 0
1114646 Q0 2302725 0
1114646 Q0 238332 0
1114646 Q0 2418194 0
1114646 Q0 2472248 0
1114646 Q0 2621606 0
1114646 Q0 2647994 1
1114646 Q0 266552 0
1114646 Q0 2676807 0
1114646 Q0 2695353 0
1114646 Q0 272209 0
1114646 Q0 2743255 0
1114646 Q0 2743256 0
1114646 Q0 2911035 0
1114646 Q0 2911039 0
1114646 Q0 2911040 0
1114646 Q0 2911449 0
1114646 Q0 2911450 0
1114646 Q0 3015665 0
1114646 Q0 3056368 0
1114646 Q0 3177805 0
1114646 Q0 3184850 0
1114646 Q0 3184851 0
1114646 Q0 3236082 0
1114646 Q0 3238905 0
1114646 Q0 3339525 0
1114646 Q0 3440587 0
1114646 Q0 3467664 0
1114646 Q0 3467665 0
1114646 Q0 3470481 0
1114646 Q0 3470484 0
1114646 Q0 3470486 0
1114646 Q0 3624484 0
1114646 Q0 3699874 0
1114646 Q0 3733771 0
1114646 Q0 3861594 0
1114646 Q0 3915244 0
1114646 Q0 392985 0
1114646 Q0 3955773 0
1114646 Q0 3991843 0
1114646 Q0 4003982 0
1114646 Q0 4332918 1
1114646 Q0 4427037 0
1114646 Q0 444374 1
1114646 Q0 444375 0
1114646 Q0 444376 0
1114646 Q0 444377 0
1114646 Q0 444379 0
1114646 Q0 444380 1
1114646 Q0 444382 0
1114646 Q0 4487204 0
1114646 Q0 4633441 0
1114646 Q0 4771285 0
1114646 Q0 4957140 0
1114646 Q0 5041692 0
1114646 Q0 5108610 0
1114646 Q0 5108614 0
1114646 Q0 5153519 0
1114646 Q0 5229617 0
1114646 Q0 5279567 1
1114646 Q0 5372030 0
1114646 Q0 5417949 0
1114646 Q0 5417952 0
1114646 Q0 5417953 0
1114646 Q0 5417954 1
1114646 Q0 5417956 0
1114646 Q0 5418860 0
1114646 Q0 5569142 0
1114646 Q0 5640856 0
1114646 Q0 5640859 0
1114646 Q0 5640861 0
1114646 Q0 5661838 0
1114646 Q0 5661840 0
1114646 Q0 5687476 0
1114646 Q0 5687477 0
1114646 Q0 5761803 0
1114646 Q0 579552 0
1114646 Q0 579554 0
1114646 Q0 580971 0
1114646 Q0 5816565 0
1114646 Q0 5836029 0
1114646 Q0 5854712 0
1114646 Q0 5920524 0
1114646 Q0 5959593 0
1114646 Q0 6348309 0
1114646 Q0 6455057 0
1114646 Q0 6484456 0
1114646 Q0 6509832 0
1114646 Q0 6704400 1
1114646 Q0 6704401 0
1114646 Q0 6711103 1
1114646 Q0 6836905 0
1114646 Q0 687064 0
1114646 Q0 687066 0
1114646 Q0 7065010 0
1114646 Q0 7088666 0
1114646 Q0 7096023 0
1114646 Q0 7103112 0
1114646 Q0 7196954 0
1114646 Q0 7196956 0
1114646 Q0 7196961 0
1114646 Q0 723299 0
1114646 Q0 7241126 0
1114646 Q0 7278603 0
1114646 Q0 7490706 0
1114646 Q0 7616199 0
1114646 Q0 771368 0
1114646 Q0 7727591 0
1114646 Q0 810154 0
1114646 Q0 8117087 0
1114646 Q0 8117088 0
1114646 Q0 8117089 0
1114646 Q0 8117090 1
1114646 Q0 8117091 1
1114646 Q0 8117092 0
1114646 Q0 8117093 0
1114646 Q0 8117094 0
1114646 Q0 8117095 0
1114646 Q0 8117096 1
1114646 Q0 8185549 0
1114646 Q0 8327369 0
1114646 Q0 857788 1
1114646 Q0 857789 0
1114646 Q0 8624973 0
1114646 Q0 8646238 0
1114646 Q0 8665820 0
1114646 Q0 8665826 0
1114646 Q0 8665828 0
1114646 Q0 8762528 0
1114646 Q0 8777078 0
1114646 Q0 897835 0
1114646 Q0 994964 0
1114646 Q0 994965 0
1114819 Q0 1009500 1
1114819 Q0 1009502 1
1114819 Q0 1036133 0
1114819 Q0 104626 0
1114819 Q0 1052569 0
1114819 Q0 1074899 1
1114819 Q0 1092242 0
1114819 Q0 1119234 1
1114819 Q0 11843 1
1114819 Q0 1204744 1
1114819 Q0 1245291 1
1114819 Q0 1245292 0
1114819 Q0 1245295 0
1114819 Q0 1245298 0
1114819 Q0 1248112 1
1114819 Q0 126883 0
1114819 Q0 1302004 1
1114819 Q0 1302007 1
1114819 Q0 1315993 1
1114819 Q0 1315994 1
1114819 Q0 1315995 1
1114819 Q0 1315996 1
1114819 Q0 1315997 0
1114819 Q0 1315998 1
1114819 Q0 1315999 0
1114819 Q0 1316000 1
1114819 Q0 1333807 1
1114819 Q0 1351423 0
1114819 Q0 1396258 1
1114819 Q0 1419797 0
1114819 Q0 1419798 1
1114819 Q0 1419801 1
1114819 Q0 1426631 1
1114819 Q0 1434686 0
1114819 Q0 1434688 0
1114819 Q0 1437537 1
1114819 Q0 1438788 0
1114819 Q0 1467125 0
1114819 Q0 1501762 0
1114819 Q0 1602333 1
1114819 Q0 1625829 0
1114819 Q0 1625836 1
1114819 Q0 1663336 0
1114819 Q0 1663338 0
1114819 Q0 1724519 0
1114819 Q0 1724520 1
1114819 Q0 1724523 1
1114819 Q0 1724526 1
1114819 Q0 1724528 0
1114819 Q0 1735443 1
1114819 Q0 1738242 1
1114819 Q0 1738243 1
1114819 Q0 1738244 1
1114819 Q0 1738245 0
1114819 Q0 1738246 1
1114819 Q0 1738247 1
1114819 Q0 1738248 1
1114819 Q0 1738250 1
1114819 Q0 1761563 0
1114819 Q0 1761757 0
1114819 Q0 1816950 0
1114819 Q0 1816956 0
1114819 Q0 1816958 0
1114819 Q0 1845189 0
1114819 Q0 1851540 0
1114819 Q0 1852065 1
1114819 Q0 1852066 1
1114819 Q0 1878078 0
1114819 Q0 1884289 0
1114819 Q0 1891675 0
1114819 Q0 1917091 0
1114819 Q0 1967603 0
1114819 Q0 2008569 1
1114819 Q0 2008574 1
1114819 Q0 2008577 1
1114819 Q0 2040811 1
1114819 Q0 2049582 0
1114819 Q0 2136432 0
1114819 Q0 2136433 0
1114819 Q0 2136434 1
1114819 Q0 2136437 0
1114819 Q0 2147624 0
1114819 Q0 2185129 1
1114819 Q0 2185131 1
1114819 Q0 2188726 1
1114819 Q0 2192058 0
1114819 Q0 2212053 1
1114819 Q0 2212054 0
1114819 Q0 2212056 1
1114819 Q0 2212057 0
1114819 Q0 2212058 0
1114819 Q0 2212059 1
1114819 Q0 2258946 1
1114819 Q0 2312859 0
1114819 Q0 2314566 0
1114819 Q0 2341526 0
1114819 Q0 236347 1
1114819 Q0 2421176 0
1114819 Q0 2477692 1
1114819 Q0 2490830 0
1114819 Q0 2490838 1
1114819 Q0 255280 1
1114819 Q0 255283 1
1114819 Q0 2590446 0
1114819 Q0 2590447 1
1114819 Q0 2590448 0
1114819 Q0 2590449 0
1114819 Q0 2590450 1
1114819 Q0 2590451 1
1114819 Q0 2590453 1
1114819 Q0 2590454 1
1114819 Q0 2590455 1
1114819 Q0 2617237 0
1114819 Q0 264537 0
1114819 Q0 2649370 0
1114819 Q0 2668962 0
1114819 Q0 2694515 1
1114819 Q0 26983 0
1114819 Q0 2756880 1
1114819 Q0 2759427 0
1114819 Q0 2831393 0
1114819 Q0 2839946 0
1114819 Q0 2926432 1
1114819 Q0 3025904 0
1114819 Q0 306606 1
1114819 Q0 315573 0
1114819 Q0 3200532 1
1114819 Q0 3213416 0
1114819 Q0 3225622 0
1114819 Q0 3241509 0
1114819 Q0 3256326 1
1114819 Q0 3256328 1
1114819 Q0 3256329 1
1114819 Q0 3256332 1
1114819 Q0 327923 1
1114819 Q0 327926 1
1114819 Q0 3288112 0
1114819 Q0 3341895 0
1114819 Q0 3353671 0
1114819 Q0 344350 1
1114819 Q0 344351 1
1114819 Q0 344354 1
1114819 Q0 344355 1
1114819 Q0 344357 0
1114819 Q0 3477360 1
1114819 Q0 3484458 1
1114819 Q0 3556105 1
1114819 Q0 3588499 0
1114819 Q0 3637385 0
1114819 Q0 3641925 1
1114819 Q0 3641926 1
1114819 Q0 3641927 1
1114819 Q0 3650126 0
1114819 Q0 3666596 0
1114819 Q0 3693260 0
1114819 Q0 3734231 1
1114819 Q0 3734236 0
1114819 Q0 3781415 0
1114819 Q0 3781416 0
1114819 Q0 3781418 1
1114819 Q0 3781419 1
1114819 Q0 3810530 0
1114819 Q0 3814005 1
1114819 Q0 3814007 1
1114819 Q0 3824972 1
1114819 Q0 3835158 1
1114819 Q0 3835163 1
1114819 Q0 3906951 0
1114819 Q0 3906952 1
1114819 Q0 3906954 1
1114819 Q0 3906955 0
1114819 Q0 3906956 1
1114819 Q0 3906959 1
1114819 Q0 3925394 1
1114819 Q0 393994 1
1114819 Q0 4034972 0
1114819 Q0 4077426 0
1114819 Q0 4162627 0
1114819 Q0 4266558 0
1114819 Q0 4332977 0
1114819 Q0 4354918 0
1114819 Q0 4404333 1
1114819 Q0 4415944 0
1114819 Q0 4425328 0
1114819 Q0 4496923 0
1114819 Q0 4509717 0
1114819 Q0 4516925 0
1114819 Q0 4544845 0
1114819 Q0 4550069 1
1114819 Q0 458531 0
1114819 Q0 4659719 0
1114819 Q0 468011 0
1114819 Q0 4700106 1
1114819 Q0 4700110 1
1114819 Q0 4700111 1
1114819 Q0 4700114 1
1114819 Q0 4773103 0
1114819 Q0 4865754 0
1114819 Q0 4865755 1
1114819 Q0 4865756 0
1114819 Q0 4865758 1
1114819 Q0 4890560 1
1114819 Q0 4945141 0
1114819 Q0 5019830 0
1114819 Q0 5019831 0
1114819 Q0 5019832 1
1114819 Q0 5019838 0
1114819 Q0 5019839 1
1114819 Q0 5026286 0
1114819 Q0 5044485 0
1114819 Q0 510716 0
1114819 Q0 5165249 1
1114819 Q0 517067 0
1114819 Q0 5196819 0
1114819 Q0 5238260 0
1114819 Q0 5254264 0
1114819 Q0 534362 1
1114819 Q0 5363580 0
1114819 Q0 5363581 0
1114819 Q0 5363582 0
1114819 Q0 5363583 0
1114819 Q0 5375238 1
1114819 Q0 5375240 0
1114819 Q0 5375242 0
1114819 Q0 5375243 1
1114819 Q0 5375245 1
1114819 Q0 5375246 1
1114819 Q0 5375247 0
1114819 Q0 538319 1
1114819 Q0 5396765 0
1114819 Q0 5469602 0
1114819 Q0 5521371 1
1114819 Q0 5521372 1
1114819 Q0 5521373 1
1114819 Q0 5533983 0
1114819 Q0 5538574 0
1114819 Q0 5626702 0
1114819 Q0 5626706 1
1114819 Q0 5628950 1
1114819 Q0 5628952 1
1114819 Q0 5628953 1
1114819 Q0 5628955 1
1114819 Q0 5628956 0
1114819 Q0 5628958 0
1114819 Q0 5636640 0
1114819 Q0 5638833 0
1114819 Q0 5673333 0
1114819 Q0 5686039 0
1114819 Q0 5718415 1
1114819 Q0 5718417 1
1114819 Q0 5718418 1
1114819 Q0 5723731 0
1114819 Q0 572417 0
1114819 Q0 5740247 0
1114819 Q0 5759333 0
1114819 Q0 576249 1
1114819 Q0 576253 0
1114819 Q0 5790568 0
1114819 Q0 5858980 1
1114819 Q0 5859029 0
1114819 Q0 5859030 0
1114819 Q0 586944 0
1114819 Q0 5891747 0
1114819 Q0 5917855 0
1114819 Q0 5922989 0
1114819 Q0 59259 1
1114819 Q0 597047 0
1114819 Q0 5989800 0
1114819 Q0 6027612 0
1114819 Q0 6027616 1
1114819 Q0 605467 1
1114819 Q0 605472 1
1114819 Q0 6094261 1
1114819 Q0 6134462 0
1114819 Q0 6202317 0
1114819 Q0 6202318 0
1114819 Q0 6202319 1
1114819 Q0 6202321 1
1114819 Q0 6202323 0
1114819 Q0 6239487 1
1114819 Q0 6256156 0
1114819 Q0 6326221 0
1114819 Q0 6329859 0
1114819 Q0 6366187 0
1114819 Q0 6372968 0
1114819 Q0 6472425 0
1114819 Q0 6564169 0
1114819 Q0 6611820 0
1114819 Q0 6631098 1
1114819 Q0 6631099 1
1114819 Q0 6688221 0
1114819 Q0 6691165 0
1114819 Q0 6706268 0
1114819 Q0 6820823 1
1114819 Q0 6900766 1
1114819 Q0 6900767 1
1114819 Q0 6900769 1
1114819 Q0 6900773 1
1114819 Q0 6900774 1
1114819 Q0 6912302 1
1114819 Q0 6912304 0
1114819 Q0 6920586 0
1114819 Q0 6920591 0
1114819 Q0 6941478 1
1114819 Q0 6941479 0
1114819 Q0 6941481 1
1114819 Q0 694735 1
1114819 Q0 694737 1
1114819 Q0 694738 0
1114819 Q0 694740 1
1114819 Q0 694741 0
1114819 Q0 6988364 1
1114819 Q0 7018179 0
1114819 Q0 7070941 0
1114819 Q0 7070942 1
1114819 Q0 7070943 0
1114819 Q0 7084519 0
1114819 Q0 710523 0
1114819 Q0 710524 0
1114819 Q0 7132893 0
1114819 Q0 7132894 0
1114819 Q0 7132895 0
1114819 Q0 7132896 0
1114819 Q0 7132897 0
1114819 Q0 7144266 0
1114819 Q0 7156443 1
1114819 Q0 7166531 0
1114819 Q0 7221002 0
1114819 Q0 7331748 0
1114819 Q0 7355554 1
1114819 Q0 7355559 0
1114819 Q0 7355561 1
1114819 Q0 7407231 0
1114819 Q0 7407233 0
1114819 Q0 7425393 1
1114819 Q0 7425394 1
1114819 Q0 7425395 0
1114819 Q0 7425396 0
1114819 Q0 7425397 1
1114819 Q0 7501440 0
1114819 Q0 750446 0
1114819 Q0 750447 0
1114819 Q0 7552823 1
1114819 Q0 7562839 1
1114819 Q0 7562841 1
1114819 Q0 7567806 1
1114819 Q0 7588042 0
1114819 Q0 7588045 1
1114819 Q0 7588046 1
1114819 Q0 7601548 0
1114819 Q0 7654165 0
1114819 Q0 7655520 1
1114819 Q0 7655522 0
1114819 Q0 768360 1
1114819 Q0 7696996 1
1114819 Q0 7698085 0
1114819 Q0 7714232 0
1114819 Q0 771719 0
1114819 Q0 7786792 0
1114819 Q0 7800062 0
1114819 Q0 7803429 1
1114819 Q0 7803435 1
1114819 Q0 7803436 0
1114819 Q0 785027 1
1114819 Q0 785028 1
1114819 Q0 785034 0
1114819 Q0 7850622 0
1114819 Q0 7850623 0
1114819 Q0 7851279 0
1114819 Q0 7851748 0
1114819 Q0 7851749 1
1114819 Q0 7873197 1
1114819 Q0 7914603 1
1114819 Q0 7928900 0
1114819 Q0 7991181 0
1114819 Q0 7991186 1
1114819 Q0 8022276 1
1114819 Q0 8022277 0
1114819 Q0 8022279 0
1114819 Q0 8022280 1
1114819 Q0 8022281 0
1114819 Q0 8024890 1
1114819 Q0 8027205 0
1114819 Q0 8027206 1
1114819 Q0 8027210 1
1114819 Q0 8076977 0
1114819 Q0 8088105 0
1114819 Q0 8088107 0
1114819 Q0 8088109 0
1114819 Q0 8088111 1
1114819 Q0 8096817 1
1114819 Q0 8096819 0
1114819 Q0 8096824 1
1114819 Q0 8099707 0
1114819 Q0 8115434 1
1114819 Q0 8115435 1
1114819 Q0 8115437 0
1114819 Q0 8115438 0
1114819 Q0 8115439 1
1114819 Q0 8115440 1
1114819 Q0 8115441 0
1114819 Q0 8115442 0
1114819 Q0 8115700 1
1114819 Q0 8115703 0
1114819 Q0 8115705 0
1114819 Q0 8125457 0
1114819 Q0 8146123 0
1114819 Q0 8187766 0
1114819 Q0 8215963 0
1114819 Q0 8251749 0
1114819 Q0 8265975 0
1114819 Q0 8292500 0
1114819 Q0 8299793 0
1114819 Q0 8321012 1
1114819 Q0 8321019 0
1114819 Q0 8336223 0
1114819 Q0 8336225 1
1114819 Q0 8336226 1
1114819 Q0 8336228 0
1114819 Q0 8336229 1
1114819 Q0 8336230 1
1114819 Q0 8336231 0
1114819 Q0 8336232 1
1114819 Q0 8415266 0
1114819 Q0 8446785 0
1114819 Q0 8461285 1
1114819 Q0 8461287 0
1114819 Q0 8480573 0
1114819 Q0 8480574 1
1114819 Q0 8505797 0
1114819 Q0 8508255 1
1114819 Q0 8508259 1
1114819 Q0 8508263 1
1114819 Q0 8579828 0
1114819 Q0 8579830 0
1114819 Q0 8579832 0
1114819 Q0 8579833 0
1114819 Q0 858812 1
1114819 Q0 8601477 1
1114819 Q0 8625086 1
1114819 Q0 8625092 0
1114819 Q0 862865 0
1114819 Q0 862869 0
1114819 Q0 8651755 0
1114819 Q0 8653330 1
1114819 Q0 8688167 1
1114819 Q0 8736056 1
1114819 Q0 8736060 0
1114819 Q0 8754395 0
1114819 Q0 8754397 1
1114819 Q0 8754398 0
1114819 Q0 8754399 1
1114819 Q0 8754400 0
1114819 Q0 8754401 0
1114819 Q0 8754403 0
1114819 Q0 8754404 0
1114819 Q0 8768742 1
1114819 Q0 8768743 0
1114819 Q0 8772339 1
1114819 Q0 8789462 0
1114819 Q0 8804489 1
1114819 Q0 956102 0
1114819 Q0 980927 0
1114819 Q0 988369 0
1114819 Q0 988370 1
1114819 Q0 988373 1
1114819 Q0 988374 1
1114819 Q0 988375 0
1114819 Q0 988376 1
1114819 Q0 988378 1
1115776 Q0 1036904 0
1115776 Q0 1225084 0
1115776 Q0 1440035 0
1115776 Q0 1470412 0
1115776 Q0 1540837 0
1115776 Q0 1540838 0
1115776 Q0 1589559 0
1115776 Q0 1593008 0
1115776 Q0 1621981 0
1115776 Q0 1729571 0
1115776 Q0 1729572 0
1115776 Q0 1729576 0
1115776 Q0 1732923 0
1115776 Q0 1732924 0
1115776 Q0 1774971 0
1115776 Q0 1856137 0
1115776 Q0 1886160 0
1115776 Q0 2164297 0
1115776 Q0 2230480 0
1115776 Q0 2306826 0
1115776 Q0 235241 0
1115776 Q0 2364285 0
1115776 Q0 2382274 0
1115776 Q0 2382279 0
1115776 Q0 2382280 0
1115776 Q0 23964 0
1115776 Q0 2451610 0
1115776 Q0 2471196 0
1115776 Q0 2495471 0
1115776 Q0 2595908 0
1115776 Q0 2785222 0
1115776 Q0 2785223 0
1115776 Q0 2966413 0
1115776 Q0 3025463 0
1115776 Q0 3025466 0
1115776 Q0 3081626 0
1115776 Q0 311302 0
1115776 Q0 3203280 0
1115776 Q0 3203281 0
1115776 Q0 3222646 0
1115776 Q0 3227499 0
1115776 Q0 331549 0
1115776 Q0 3330844 0
1115776 Q0 3344355 0
1115776 Q0 3374861 0
1115776 Q0 3469357 0
1115776 Q0 3673924 0
1115776 Q0 3758868 0
1115776 Q0 3907355 0
1115776 Q0 4049233 0
1115776 Q0 4051141 0
1115776 Q0 4131485 0
1115776 Q0 414967 0
1115776 Q0 4166413 0
1115776 Q0 4231618 0
1115776 Q0 4314169 0
1115776 Q0 4314170 1
1115776 Q0 4314171 0
1115776 Q0 4314172 0
1115776 Q0 4314173 0
1115776 Q0 4314174 1
1115776 Q0 4314175 0
1115776 Q0 4314176 1
1115776 Q0 4314178 0
1115776 Q0 4487937 0
1115776 Q0 4487939 0
1115776 Q0 4606188 0
1115776 Q0 465438 0
1115776 Q0 4675180 0
1115776 Q0 480791 0
1115776 Q0 480800 0
1115776 Q0 4902727 0
1115776 Q0 4984390 0
1115776 Q0 5014104 0
1115776 Q0 5130842 0
1115776 Q0 5232955 0
1115776 Q0 5257694 0
1115776 Q0 5264931 0
1115776 Q0 5357816 0
1115776 Q0 5483597 0
1115776 Q0 5599692 0
1115776 Q0 5605159 0
1115776 Q0 5605160 0
1115776 Q0 5694906 0
1115776 Q0 5747664 0
1115776 Q0 5790943 0
1115776 Q0 580734 0
1115776 Q0 580736 0
1115776 Q0 580737 0
1115776 Q0 5888683 0
1115776 Q0 5900622 0
1115776 Q0 5900625 0
1115776 Q0 5950737 0
1115776 Q0 600966 0
1115776 Q0 612896 0
1115776 Q0 6150628 0
1115776 Q0 622472 0
1115776 Q0 6248327 0
1115776 Q0 638673 0
1115776 Q0 64045 0
1115776 Q0 6417117 0
1115776 Q0 646506 0
1115776 Q0 6492656 0
1115776 Q0 655776 0
1115776 Q0 660826 0
1115776 Q0 6616844 0
1115776 Q0 6653839 0
1115776 Q0 6672301 0
1115776 Q0 6692795 0
1115776 Q0 6816993 0
1115776 Q0 6934013 0
1115776 Q0 6989198 0
1115776 Q0 7007569 0
1115776 Q0 707642 0
1115776 Q0 7129173 0
1115776 Q0 7165058 0
1115776 Q0 7165062 0
1115776 Q0 7165064 0
1115776 Q0 7210883 0
1115776 Q0 7248918 0
1115776 Q0 7276300 0
1115776 Q0 7281526 0
1115776 Q0 7318317 0
1115776 Q0 7320258 0
1115776 Q0 7436880 0
1115776 Q0 758999 0
1115776 Q0 7615797 0
1115776 Q0 7625204 0
1115776 Q0 7650937 0
1115776 Q0 7650945 0
1115776 Q0 7840022 0
1115776 Q0 8048541 0
1115776 Q0 8065457 0
1115776 Q0 8078183 0
1115776 Q0 8106317 0
1115776 Q0 8106318 0
1115776 Q0 8106320 0
1115776 Q0 8106321 1
1115776 Q0 8106322 0
1115776 Q0 8106323 0
1115776 Q0 8106324 0
1115776 Q0 8108815 0
1115776 Q0 8108818 0
1115776 Q0 8188169 0
1115776 Q0 848507 0
1115776 Q0 8495250 0
1115776 Q0 8495256 0
1115776 Q0 8504500 0
1115776 Q0 8521280 0
1115776 Q0 8828147 0
1115776 Q0 986665 0
1115776 Q0 994192 0
1117099 Q0 1061013 0
1117099 Q0 1068642 0
1117099 Q0 1123494 0
1117099 Q0 1389420 1
1117099 Q0 1440189 0
1117099 Q0 1440191 0
1117099 Q0 1440192 1
1117099 Q0 1440195 0
1117099 Q0 1445087 1
1117099 Q0 1445091 0
1117099 Q0 1466970 0
1117099 Q0 1488608 0
1117099 Q0 1488614 0
1117099 Q0 1527735 0
1117099 Q0 1527737 0
1117099 Q0 1527738 0
1117099 Q0 1527742 0
1117099 Q0 1527743 0
1117099 Q0 1565783 0
1117099 Q0 1581018 0
1117099 Q0 1652328 0
1117099 Q0 1652329 1
1117099 Q0 1682790 0
1117099 Q0 1687526 1
1117099 Q0 1687528 0
1117099 Q0 1687531 0
1117099 Q0 1726127 0
1117099 Q0 1758014 0
1117099 Q0 1798612 1
1117099 Q0 1798614 1
1117099 Q0 1798617 0
1117099 Q0 1798619 1
1117099 Q0 1798620 1
1117099 Q0 1833548 0
1117099 Q0 1833555 0
1117099 Q0 1855746 0
1117099 Q0 1942774 0
1117099 Q0 1942775 0
1117099 Q0 2036866 0
1117099 Q0 2058940 1
1117099 Q0 2068354 0
1117099 Q0 2109701 0
1117099 Q0 2153481 0
1117099 Q0 2153487 0
1117099 Q0 215360 0
1117099 Q0 2173361 0
1117099 Q0 2194583 0
1117099 Q0 2345072 0
1117099 Q0 2346648 0
1117099 Q0 2359305 0
1117099 Q0 2381739 0
1117099 Q0 2504563 1
1117099 Q0 2515909 1
1117099 Q0 2515910 0
1117099 Q0 2537884 0
1117099 Q0 2579691 1
1117099 Q0 2579692 0
1117099 Q0 2579693 0
1117099 Q0 2605637 0
1117099 Q0 2650708 0
1117099 Q0 2675335 0
1117099 Q0 2715359 0
1117099 Q0 2748108 0
1117099 Q0 2749157 0
1117099 Q0 2754430 0
1117099 Q0 2790381 1
1117099 Q0 2790382 1
1117099 Q0 2790384 1
1117099 Q0 2826254 0
1117099 Q0 2943041 0
1117099 Q0 317868 0
1117099 Q0 3257580 0
1117099 Q0 3327942 0
1117099 Q0 3327945 0
1117099 Q0 334611 1
1117099 Q0 334615 0
1117099 Q0 3349607 0
1117099 Q0 3349609 0
1117099 Q0 3349612 1
1117099 Q0 3398083 0
1117099 Q0 3412243 0
1117099 Q0 3425957 0
1117099 Q0 3435986 0
1117099 Q0 3440615 1
1117099 Q0 3488848 0
1117099 Q0 3508181 0
1117099 Q0 3529426 0
1117099 Q0 3543106 1
1117099 Q0 3582841 0
1117099 Q0 3607850 1
1117099 Q0 3780997 1
1117099 Q0 3780998 0
1117099 Q0 3781003 1
1117099 Q0 3837416 0
1117099 Q0 3859042 1
1117099 Q0 3866275 0
1117099 Q0 3879716 0
1117099 Q0 3906411 0
1117099 Q0 3906412 0
1117099 Q0 3926558 0
1117099 Q0 3951178 0
1117099 Q0 3951182 0
1117099 Q0 3953248 0
1117099 Q0 4006352 0
1117099 Q0 4040437 0
1117099 Q0 4059509 1
1117099 Q0 4131489 0
1117099 Q0 4196685 0
1117099 Q0 4393946 1
1117099 Q0 4393950 1
1117099 Q0 4393951 0
1117099 Q0 4441319 0
1117099 Q0 4441325 1
1117099 Q0 4441612 0
1117099 Q0 444196 1
1117099 Q0 4458506 0
1117099 Q0 4458509 1
1117099 Q0 4458510 1
1117099 Q0 4458512 1
1117099 Q0 4458513 0
1117099 Q0 4490406 0
1117099 Q0 4512111 0
1117099 Q0 4525629 0
1117099 Q0 4573811 1
1117099 Q0 458682 0
1117099 Q0 464305 0
1117099 Q0 4698655 1
1117099 Q0 4699621 0
1117099 Q0 4774130 0
1117099 Q0 4775947 1
1117099 Q0 4789127 0
1117099 Q0 4829143 0
1117099 Q0 4886519 0
1117099 Q0 5032726 0
1117099 Q0 514310 0
1117099 Q0 514314 0
1117099 Q0 518714 1
1117099 Q0 518716 0
1117099 Q0 518718 0
1117099 Q0 52516 1
1117099 Q0 52519 0
1117099 Q0 52523 1
1117099 Q0 5258461 0
1117099 Q0 5258462 1
1117099 Q0 5286535 0
1117099 Q0 5286536 0
1117099 Q0 5286538 1
1117099 Q0 5286539 1
1117099 Q0 5286540 0
1117099 Q0 5299235 0
1117099 Q0 5387506 0
1117099 Q0 5452829 0
1117099 Q0 5452831 0
1117099 Q0 5452832 0
1117099 Q0 5493970 0
1117099 Q0 5557070 0
1117099 Q0 5596482 0
1117099 Q0 5596485 1
1117099 Q0 5633582 0
1117099 Q0 5633587 0
1117099 Q0 5633588 0
1117099 Q0 563625 1
1117099 Q0 5686676 0
1117099 Q0 5699286 0
1117099 Q0 5752877 0
1117099 Q0 5982126 0
1117099 Q0 6057206 1
1117099 Q0 6057207 1
1117099 Q0 6069016 0
1117099 Q0 6106022 1
1117099 Q0 6106027 0
1117099 Q0 6118609 0
1117099 Q0 6122720 1
1117099 Q0 6122721 1
1117099 Q0 6122722 1
1117099 Q0 6122723 1
1117099 Q0 6122724 1
1117099 Q0 6156360 1
1117099 Q0 6177939 1
1117099 Q0 6177941 1
1117099 Q0 6221981 0
1117099 Q0 6226645 0
1117099 Q0 6408891 0
1117099 Q0 6428299 1
1117099 Q0 6428300 1
1117099 Q0 6491820 0
1117099 Q0 6505419 1
1117099 Q0 6505420 1
1117099 Q0 651006 1
1117099 Q0 6534817 0
1117099 Q0 6534818 1
1117099 Q0 6534824 1
1117099 Q0 690629 0
1117099 Q0 690634 0
1117099 Q0 697158 0
1117099 Q0 6993942 1
1117099 Q0 7014236 0
1117099 Q0 714808 1
1117099 Q0 7180805 0
1117099 Q0 7235168 0
1117099 Q0 7350133 0
1117099 Q0 7350136 0
1117099 Q0 7368014 0
1117099 Q0 7407593 0
1117099 Q0 7504911 1
1117099 Q0 7541965 1
1117099 Q0 7560421 0
1117099 Q0 7595826 0
1117099 Q0 7610604 0
1117099 Q0 7723620 0
1117099 Q0 7753915 0
1117099 Q0 7879723 0
1117099 Q0 7879730 0
1117099 Q0 7959195 0
1117099 Q0 8066855 0
1117099 Q0 8091995 0
1117099 Q0 8093927 0
1117099 Q0 8093931 1
1117099 Q0 8093932 1
1117099 Q0 8093933 0
1117099 Q0 8093934 1
1117099 Q0 8096043 0
1117099 Q0 8123982 0
1117099 Q0 8202091 0
1117099 Q0 8202908 0
1117099 Q0 8202914 0
1117099 Q0 8208315 1
1117099 Q0 8294083 1
1117099 Q0 8446501 1
1117099 Q0 8446502 1
1117099 Q0 8446504 1
1117099 Q0 8446505 1
1117099 Q0 8446506 1
1117099 Q0 8459091 1
1117099 Q0 8459093 1
1117099 Q0 8527041 0
1117099 Q0 8540494 0
1117099 Q0 855065 0
1117099 Q0 855066 0
1117099 Q0 855067 0
1117099 Q0 859540 1
1117099 Q0 8612544 0
1117099 Q0 8615590 1
1117099 Q0 8681294 0
1117099 Q0 8681297 0
1117099 Q0 871278 0
1117099 Q0 8714082 1
1117099 Q0 8714085 1
1117099 Q0 8714087 0
1117099 Q0 8747423 0
1117099 Q0 8799096 0
1117099 Q0 8838111 1
1117099 Q0 8838115 0
1117099 Q0 894295 0
1117099 Q0 926743 1
1117099 Q0 926744 0
1117099 Q0 92779 0
1121402 Q0 1151509 0
1121402 Q0 1151510 0
1121402 Q0 117065 0
1121402 Q0 1176375 0
1121402 Q0 1249687 0
1121402 Q0 1390128 0
1121402 Q0 1623219 0
1121402 Q0 1623220 0
1121402 Q0 1623225 0
1121402 Q0 1679022 0
1121402 Q0 177810 0
1121402 Q0 177812 0
1121402 Q0 182364 0
1121402 Q0 182365 0
1121402 Q0 182366 1
1121402 Q0 182367 1
1121402 Q0 182368 1
1121402 Q0 182369 1
1121402 Q0 182370 0
1121402 Q0 182371 0
1121402 Q0 182372 1
1121402 Q0 182373 0
1121402 Q0 1872466 0
1121402 Q0 188209 0
1121402 Q0 188210 0
1121402 Q0 188211 0
1121402 Q0 188213 1
1121402 Q0 188214 0
1121402 Q0 188215 0
1121402 Q0 188216 0
1121402 Q0 188217 0
1121402 Q0 188218 0
1121402 Q0 1917417 0
1121402 Q0 1917425 0
1121402 Q0 1926650 0
1121402 Q0 1926655 0
1121402 Q0 2281086 0
1121402 Q0 2474652 0
1121402 Q0 2614504 0
1121402 Q0 2633464 0
1121402 Q0 2681045 0
1121402 Q0 2681048 0
1121402 Q0 2699105 0
1121402 Q0 2825141 0
1121402 Q0 3040505 0
1121402 Q0 3040510 0
1121402 Q0 3049324 0
1121402 Q0 3049325 0
1121402 Q0 3107112 0
1121402 Q0 3129164 0
1121402 Q0 3501312 0
1121402 Q0 3501313 0
1121402 Q0 3501314 0
1121402 Q0 3511789 0
1121402 Q0 3594744 0
1121402 Q0 3785307 0
1121402 Q0 3785308 1
1121402 Q0 3785309 0
1121402 Q0 3785310 0
1121402 Q0 3899340 0
1121402 Q0 4016202 0
1121402 Q0 4105455 0
1121402 Q0 4305982 0
1121402 Q0 4449258 0
1121402 Q0 4449267 1
1121402 Q0 4503431 0
1121402 Q0 4608938 0
1121402 Q0 4620827 0
1121402 Q0 4727100 0
1121402 Q0 4755866 0
1121402 Q0 4755872 0
1121402 Q0 4939253 0
1121402 Q0 4974853 0
1121402 Q0 5000504 0
1121402 Q0 5189913 1
1121402 Q0 5405183 0
1121402 Q0 5431399 0
1121402 Q0 5483968 0
1121402 Q0 5489983 0
1121402 Q0 5576063 0
1121402 Q0 5614619 0
1121402 Q0 5614621 0
1121402 Q0 5645287 0
1121402 Q0 5678526 0
1121402 Q0 5678926 0
1121402 Q0 572087 0
1121402 Q0 5993274 0
1121402 Q0 6001847 1
1121402 Q0 6068291 0
1121402 Q0 6358261 0
1121402 Q0 6371837 0
1121402 Q0 6371843 0
1121402 Q0 6392396 0
1121402 Q0 6392397 0
1121402 Q0 6392398 0
1121402 Q0 6392403 1
1121402 Q0 6392404 0
1121402 Q0 6515173 0
1121402 Q0 6683285 0
1121402 Q0 6717338 0
1121402 Q0 6717340 0
1121402 Q0 688372 0
1121402 Q0 6900252 0
1121402 Q0 6951218 0
1121402 Q0 7011506 0
1121402 Q0 7011511 0
1121402 Q0 7011514 0
1121402 Q0 7098133 0
1121402 Q0 7125978 0
1121402 Q0 7125980 1
1121402 Q0 7125981 1
1121402 Q0 7125982 0
1121402 Q0 7125983 1
1121402 Q0 7125985 0
1121402 Q0 7125987 1
1121402 Q0 7142994 0
1121402 Q0 7144700 0
1121402 Q0 7144704 0
1121402 Q0 7194260 0
1121402 Q0 7373977 0
1121402 Q0 7471825 0
1121402 Q0 752294 0
1121402 Q0 752297 0
1121402 Q0 7572312 0
1121402 Q0 770456 0
1121402 Q0 7797730 0
1121402 Q0 7809772 0
1121402 Q0 7898699 0
1121402 Q0 7922810 0
1121402 Q0 8052617 1
1121402 Q0 8052619 1
1121402 Q0 8052620 1
1121402 Q0 8052621 1
1121402 Q0 8052622 0
1121402 Q0 8052623 1
1121402 Q0 8052624 1
1121402 Q0 8054673 0
1121402 Q0 8089444 1
1121402 Q0 8103020 0
1121402 Q0 8235730 1
1121402 Q0 8453588 0
1121402 Q0 8747693 0
1121402 Q0 879274 0
1121402 Q0 8795122 0
1121402 Q0 8832484 0
1121402 Q0 993571 0
1121709 Q0 1002655 0
1121709 Q0 1012441 0
1121709 Q0 1080396 0
1121709 Q0 1136673 0
1121709 Q0 1143148 0
1121709 Q0 121314 0
1121709 Q0 1269907 0
1121709 Q0 1273361 0
1121709 Q0 1304416 0
1121709 Q0 14320 0
1121709 Q0 1555692 0
1121709 Q0 1567967 0
1121709 Q0 1585563 0
1121709 Q0 167762 0
1121709 Q0 1681598 0
1121709 Q0 16845 0
1121709 Q0 1729290 0
1121709 Q0 1752809 0
1121709 Q0 1752813 0
1121709 Q0 1774646 0
1121709 Q0 1806027 0
1121709 Q0 1837653 0
1121709 Q0 1862933 0
1121709 Q0 1964424 0
1121709 Q0 2046431 0
1121709 Q0 2083090 0
1121709 Q0 2083436 0
1121709 Q0 2111971 0
1121709 Q0 2117896 0
1121709 Q0 2137170 0
1121709 Q0 2229415 0
1121709 Q0 2266341 0
1121709 Q0 2279809 0
1121709 Q0 2440458 0
1121709 Q0 248029 0
1121709 Q0 2517708 0
1121709 Q0 2521079 0
1121709 Q0 2534666 0
1121709 Q0 2541472 0
1121709 Q0 2541476 0
1121709 Q0 2555291 0
1121709 Q0 2577948 0
1121709 Q0 2588081 0
1121709 Q0 2612961 0
1121709 Q0 2676518 0
1121709 Q0 2735825 0
1121709 Q0 2735828 0
1121709 Q0 2835613 0
1121709 Q0 2874652 0
1121709 Q0 2940488 0
1121709 Q0 3015619 0
1121709 Q0 3030903 0
1121709 Q0 3055199 0
1121709 Q0 3093470 0
1121709 Q0 3095685 0
1121709 Q0 3145978 0
1121709 Q0 3145987 0
1121709 Q0 3200100 0
1121709 Q0 3212040 0
1121709 Q0 3423059 0
1121709 Q0 3423060 0
1121709 Q0 3423061 0
1121709 Q0 3423062 0
1121709 Q0 3423063 0
1121709 Q0 3423066 0
1121709 Q0 3423067 1
1121709 Q0 3446958 0
1121709 Q0 3507754 0
1121709 Q0 3552218 0
1121709 Q0 3552222 0
1121709 Q0 3622089 0
1121709 Q0 3684819 0
1121709 Q0 3702316 0
1121709 Q0 3709755 0
1121709 Q0 3709758 0
1121709 Q0 376823 0
1121709 Q0 3789404 0
1121709 Q0 3806265 0
1121709 Q0 383497 0
1121709 Q0 3875032 0
1121709 Q0 3897025 0
1121709 Q0 3897028 0
1121709 Q0 3897030 0
1121709 Q0 3900180 0
1121709 Q0 3928432 0
1121709 Q0 3966707 0
1121709 Q0 3989343 0
1121709 Q0 3991121 0
1121709 Q0 4061703 0
1121709 Q0 4173215 0
1121709 Q0 4291225 0
1121709 Q0 4332979 0
1121709 Q0 4376884 0
1121709 Q0 4410384 0
1121709 Q0 4539272 0
1121709 Q0 4620353 0
1121709 Q0 4632795 0
1121709 Q0 4639609 0
1121709 Q0 4644464 0
1121709 Q0 4678678 0
1121709 Q0 4729563 0
1121709 Q0 4756692 0
1121709 Q0 4764627 0
1121709 Q0 4769720 0
1121709 Q0 4908639 0
1121709 Q0 5010839 0
1121709 Q0 5070334 0
1121709 Q0 5094405 0
1121709 Q0 5521436 0
1121709 Q0 560631 0
1121709 Q0 5611203 0
1121709 Q0 5811259 0
1121709 Q0 5879624 0
1121709 Q0 5974052 0
1121709 Q0 6007524 0
1121709 Q0 6058024 0
1121709 Q0 6128738 0
1121709 Q0 6208287 0
1121709 Q0 6296422 0
1121709 Q0 6357473 0
1121709 Q0 6372041 0
1121709 Q0 6475868 0
1121709 Q0 6503359 0
1121709 Q0 6630430 0
1121709 Q0 669004 0
1121709 Q0 6796773 0
1121709 Q0 682994 0
1121709 Q0 6886933 0
1121709 Q0 6917254 0
1121709 Q0 6945560 0
1121709 Q0 6999097 0
1121709 Q0 7002616 0
1121709 Q0 7051875 0
1121709 Q0 7107770 0
1121709 Q0 7149349 0
1121709 Q0 7177466 0
1121709 Q0 7209949 0
1121709 Q0 7229501 0
1121709 Q0 7229502 0
1121709 Q0 7231520 0
1121709 Q0 7242995 0
1121709 Q0 7272788 0
1121709 Q0 7279991 0
1121709 Q0 7431506 0
1121709 Q0 747826 0
1121709 Q0 7499157 0
1121709 Q0 7754666 0
1121709 Q0 7810596 0
1121709 Q0 7849690 0
1121709 Q0 8011242 0
1121709 Q0 8049577 0
1121709 Q0 8049578 0
1121709 Q0 8049580 0
1121709 Q0 8049582 0
1121709 Q0 8049583 1
1121709 Q0 8049584 1
1121709 Q0 8049585 0
1121709 Q0 8049586 0
1121709 Q0 8057710 0
1121709 Q0 806234 0
1121709 Q0 8082261 0
1121709 Q0 812328 0
1121709 Q0 8171653 0
1121709 Q0 8185195 0
1121709 Q0 8215554 0
1121709 Q0 8283424 0
1121709 Q0 8419548 0
1121709 Q0 8500135 0
1121709 Q0 8578972 0
1121709 Q0 8604987 0
1121709 Q0 8620042 0
1121709 Q0 8679621 0
1121709 Q0 8697768 0
1121709 Q0 8720912 0
1121709 Q0 87555 0
1121709 Q0 8759528 0
1121709 Q0 918204 0
1121709 Q0 918512 0
1124210 Q0 108781 0
1124210 Q0 108782 0
1124210 Q0 1244877 1
1124210 Q0 1280828 0
1124210 Q0 1280830 0
1124210 Q0 131185 0
1124210 Q0 131186 0
1124210 Q0 131190 1
1124210 Q0 131191 0
1124210 Q0 1324075 0
1124210 Q0 1400108 0
1124210 Q0 1420740 0
1124210 Q0 145208 0
1124210 Q0 1495587 0
1124210 Q0 1517590 0
1124210 Q0 1564679 0
1124210 Q0 1649195 0
1124210 Q0 1649199 0
1124210 Q0 1689011 0
1124210 Q0 1689639 1
1124210 Q0 1689646 0
1124210 Q0 181171 0
1124210 Q0 181174 0
1124210 Q0 181175 1
1124210 Q0 181177 1
1124210 Q0 1883019 0
1124210 Q0 1885749 0
1124210 Q0 1886340 0
1124210 Q0 1886341 0
1124210 Q0 1908804 0
1124210 Q0 1916939 0
1124210 Q0 2070515 1
1124210 Q0 2075641 0
1124210 Q0 2089537 1
1124210 Q0 2089540 0
1124210 Q0 2089544 0
1124210 Q0 2089545 0
1124210 Q0 2135253 0
1124210 Q0 216132 0
1124210 Q0 2163621 0
1124210 Q0 2163625 0
1124210 Q0 2258591 1
1124210 Q0 2258592 1
1124210 Q0 2258593 1
1124210 Q0 2258594 1
1124210 Q0 2258595 1
1124210 Q0 2258596 1
1124210 Q0 2258597 1
1124210 Q0 2258598 1
1124210 Q0 2258599 1
1124210 Q0 2305430 0
1124210 Q0 235462 0
1124210 Q0 2399822 1
1124210 Q0 2433601 1
1124210 Q0 2433603 1
1124210 Q0 2433604 1
1124210 Q0 2433605 0
1124210 Q0 2433606 0
1124210 Q0 2433608 0
1124210 Q0 2433609 1
1124210 Q0 2451197 0
1124210 Q0 2461678 0
1124210 Q0 2461681 0
1124210 Q0 2461683 1
1124210 Q0 2461684 0
1124210 Q0 2477735 0
1124210 Q0 2494574 1
1124210 Q0 2494576 0
1124210 Q0 2494577 1
1124210 Q0 2551401 0
1124210 Q0 2575093 0
1124210 Q0 2604564 1
1124210 Q0 2608221 0
1124210 Q0 2650266 0
1124210 Q0 2650269 1
1124210 Q0 2650271 0
1124210 Q0 2685123 1
1124210 Q0 2693702 0
1124210 Q0 2728445 1
1124210 Q0 2728447 0
1124210 Q0 2728448 1
1124210 Q0 2728449 1
1124210 Q0 2728452 0
1124210 Q0 2753148 1
1124210 Q0 2753149 0
1124210 Q0 2753154 0
1124210 Q0 2806527 1
1124210 Q0 2806532 0
1124210 Q0 2806533 0
1124210 Q0 2806534 0
1124210 Q0 2806535 0
1124210 Q0 2825130 1
1124210 Q0 284020 0
1124210 Q0 2859498 0
1124210 Q0 2859499 0
1124210 Q0 2859500 0
1124210 Q0 2859501 1
1124210 Q0 2859505 0
1124210 Q0 2958020 1
1124210 Q0 3069610 0
1124210 Q0 3099832 0
1124210 Q0 3147129 0
1124210 Q0 3162331 1
1124210 Q0 3162334 0
1124210 Q0 3225189 1
1124210 Q0 3225197 1
1124210 Q0 3228224 0
1124210 Q0 3228226 1
1124210 Q0 3242755 0
1124210 Q0 3242758 1
1124210 Q0 3242763 1
1124210 Q0 3263727 1
1124210 Q0 3263728 0
1124210 Q0 3263731 1
1124210 Q0 3289568 1
1124210 Q0 3289570 0
1124210 Q0 3358752 0
1124210 Q0 3466956 1
1124210 Q0 3466959 1
1124210 Q0 3466963 0
1124210 Q0 347571 1
1124210 Q0 3517427 1
1124210 Q0 3587025 0
1124210 Q0 3587908 1
1124210 Q0 3736775 0
1124210 Q0 3748160 0
1124210 Q0 3748161 0
1124210 Q0 3748166 0
1124210 Q0 3761216 0
1124210 Q0 3848316 0
1124210 Q0 3965044 0
1124210 Q0 4002454 1
1124210 Q0 4002456 1
1124210 Q0 4002460 0
1124210 Q0 4090499 1
1124210 Q0 4174699 0
1124210 Q0 4303129 1
1124210 Q0 4379804 0
1124210 Q0 4508443 0
1124210 Q0 4535489 0
1124210 Q0 4553374 0
1124210 Q0 4554223 0
1124210 Q0 460006 0
1124210 Q0 4616435 0
1124210 Q0 4618354 1
1124210 Q0 4626376 0
1124210 Q0 4626380 0
1124210 Q0 4636525 0
1124210 Q0 4648414 1
1124210 Q0 4648416 1
1124210 Q0 4648417 1
1124210 Q0 4648418 0
1124210 Q0 4676063 0
1124210 Q0 4777681 1
1124210 Q0 4841435 0
1124210 Q0 4841436 0
1124210 Q0 485078 0
1124210 Q0 4876134 0
1124210 Q0 4942992 1
1124210 Q0 4977001 0
1124210 Q0 4999332 0
1124210 Q0 5032704 0
1124210 Q0 5032711 1
1124210 Q0 5098936 1
1124210 Q0 5098941 1
1124210 Q0 522219 0
1124210 Q0 522220 0
1124210 Q0 5228198 0
1124210 Q0 5231750 0
1124210 Q0 5263180 0
1124210 Q0 5263184 0
1124210 Q0 5286530 0
1124210 Q0 5286531 0
1124210 Q0 5286534 0
1124210 Q0 5350932 0
1124210 Q0 5350934 0
1124210 Q0 5362532 0
1124210 Q0 5403833 0
1124210 Q0 5430226 0
1124210 Q0 5430227 0
1124210 Q0 5431702 0
1124210 Q0 5501103 0
1124210 Q0 551493 0
1124210 Q0 5587709 1
1124210 Q0 5587710 1
1124210 Q0 5587711 1
1124210 Q0 5664148 1
1124210 Q0 573922 0
1124210 Q0 5885067 0
1124210 Q0 5885069 0
1124210 Q0 5941717 1
1124210 Q0 5944900 0
1124210 Q0 5977964 0
1124210 Q0 6067332 0
1124210 Q0 60863 0
1124210 Q0 60865 0
1124210 Q0 6134821 0
1124210 Q0 6146809 1
1124210 Q0 6146810 0
1124210 Q0 6146811 0
1124210 Q0 6146813 0
1124210 Q0 6148224 0
1124210 Q0 6164979 0
1124210 Q0 6177788 0
1124210 Q0 6181089 0
1124210 Q0 6181090 0
1124210 Q0 6181091 1
1124210 Q0 6181093 0
1124210 Q0 6212087 0
1124210 Q0 6221371 0
1124210 Q0 6221372 0
1124210 Q0 6232730 0
1124210 Q0 6233255 1
1124210 Q0 6255796 1
1124210 Q0 6268740 0
1124210 Q0 6292931 0
1124210 Q0 6292938 0
1124210 Q0 6306362 0
1124210 Q0 6306365 0
1124210 Q0 6356962 0
1124210 Q0 6411944 0
1124210 Q0 6472110 0
1124210 Q0 6498977 1
1124210 Q0 6507991 1
1124210 Q0 6507992 0
1124210 Q0 6507996 1
1124210 Q0 6541864 1
1124210 Q0 6541865 0
1124210 Q0 6541866 1
1124210 Q0 6541867 0
1124210 Q0 6541868 1
1124210 Q0 6620551 1
1124210 Q0 6636931 1
1124210 Q0 6636936 0
1124210 Q0 6683523 0
1124210 Q0 6688367 0
1124210 Q0 6689009 0
1124210 Q0 6720368 1
1124210 Q0 6737727 1
1124210 Q0 6737728 1
1124210 Q0 6737729 1
1124210 Q0 6737732 0
1124210 Q0 6737733 1
1124210 Q0 6741313 0
1124210 Q0 6741316 0
1124210 Q0 6741317 0
1124210 Q0 6891517 1
1124210 Q0 6891518 1
1124210 Q0 6928390 0
1124210 Q0 6996634 0
1124210 Q0 6996637 0
1124210 Q0 7061704 0
1124210 Q0 7146473 0
1124210 Q0 7146478 1
1124210 Q0 7203346 0
1124210 Q0 7203360 1
1124210 Q0 7203363 0
1124210 Q0 7203364 0
1124210 Q0 7203367 1
1124210 Q0 7224093 1
1124210 Q0 7224102 1
1124210 Q0 7228448 1
1124210 Q0 7237480 0
1124210 Q0 7275369 0
1124210 Q0 7278871 0
1124210 Q0 7403449 0
1124210 Q0 7405174 0
1124210 Q0 7419320 0
1124210 Q0 743495 0
1124210 Q0 743500 0
1124210 Q0 743501 0
1124210 Q0 7441999 0
1124210 Q0 7443581 0
1124210 Q0 7443583 1
1124210 Q0 7443585 1
1124210 Q0 7443586 1
1124210 Q0 7443588 1
1124210 Q0 7443589 0
1124210 Q0 7507397 0
1124210 Q0 7507400 0
1124210 Q0 7695217 1
1124210 Q0 7695218 0
1124210 Q0 7715335 0
1124210 Q0 7806221 1
1124210 Q0 7806222 1
1124210 Q0 7806226 0
1124210 Q0 7877242 0
1124210 Q0 7942804 1
1124210 Q0 7942807 1
1124210 Q0 7942808 0
1124210 Q0 8026735 1
1124210 Q0 8026737 1
1124210 Q0 8026738 0
1124210 Q0 8026739 0
1124210 Q0 8026740 1
1124210 Q0 8026743 1
1124210 Q0 8068722 0
1124210 Q0 8068728 0
1124210 Q0 8068730 0
1124210 Q0 8087696 0
1124210 Q0 8087701 0
1124210 Q0 8087702 1
1124210 Q0 8149698 0
1124210 Q0 8150777 0
1124210 Q0 8355477 1
1124210 Q0 8355478 1
1124210 Q0 8355479 1
1124210 Q0 8355483 1
1124210 Q0 8406413 0
1124210 Q0 8437722 0
1124210 Q0 8478792 0
1124210 Q0 8492302 1
1124210 Q0 8492305 1
1124210 Q0 8547687 0
1124210 Q0 8547690 1
1124210 Q0 8547691 0
1124210 Q0 8558068 1
1124210 Q0 8643188 0
1124210 Q0 8650639 1
1124210 Q0 8650641 0
1124210 Q0 8650642 1
1124210 Q0 8664874 0
1124210 Q0 8668071 0
1124210 Q0 876739 0
1124210 Q0 8802909 1
1124210 Q0 8828525 1
1124210 Q0 92049 1
1124210 Q0 931162 0
1124210 Q0 931165 1
1124210 Q0 943794 0
1129237 Q0 1020793 0
1129237 Q0 1128332 0
1129237 Q0 1138726 0
1129237 Q0 1169301 0
1129237 Q0 120308 0
1129237 Q0 120309 0
1129237 Q0 120314 0
1129237 Q0 120315 0
1129237 Q0 1209813 0
1129237 Q0 1258500 0
1129237 Q0 128982 1
1129237 Q0 128984 1
1129237 Q0 128987 0
1129237 Q0 128989 1
1129237 Q0 1373997 0
1129237 Q0 1436868 0
1129237 Q0 1549858 0
1129237 Q0 1721142 0
1129237 Q0 1768895 0
1129237 Q0 1770020 0
1129237 Q0 1770021 0
1129237 Q0 1770027 1
1129237 Q0 1849519 0
1129237 Q0 1849522 0
1129237 Q0 1969624 0
1129237 Q0 1969628 0
1129237 Q0 2165628 0
1129237 Q0 2176863 0
1129237 Q0 2197286 0
1129237 Q0 2513277 0
1129237 Q0 2696926 1
1129237 Q0 2697746 1
1129237 Q0 2697752 1
1129237 Q0 2837792 0
1129237 Q0 2854607 0
1129237 Q0 2870542 0
1129237 Q0 2952410 0
1129237 Q0 2977193 0
1129237 Q0 3014892 0
1129237 Q0 302210 0
1129237 Q0 305087 0
1129237 Q0 305088 0
1129237 Q0 3074636 0
1129237 Q0 3074637 0
1129237 Q0 3129072 0
1129237 Q0 3153068 0
1129237 Q0 3227129 0
1129237 Q0 3279719 0
1129237 Q0 3281185 0
1129237 Q0 3366152 0
1129237 Q0 3437936 0
1129237 Q0 3489829 0
1129237 Q0 3489832 0
1129237 Q0 350 0
1129237 Q0 3683096 0
1129237 Q0 3709425 0
1129237 Q0 3834872 0
1129237 Q0 3905057 1
1129237 Q0 3905802 1
1129237 Q0 3905806 0
1129237 Q0 3963654 0
1129237 Q0 4101349 0
1129237 Q0 4141012 0
1129237 Q0 4182088 0
1129237 Q0 4233383 0
1129237 Q0 4254811 1
1129237 Q0 4254813 0
1129237 Q0 4254815 0
1129237 Q0 4367170 0
1129237 Q0 43857 0
1129237 Q0 4418239 0
1129237 Q0 4486840 0
1129237 Q0 4593070 0
1129237 Q0 4773351 0
1129237 Q0 4779185 0
1129237 Q0 4904405 0
1129237 Q0 4915547 0
1129237 Q0 5010728 0
1129237 Q0 5127618 0
1129237 Q0 5197194 0
1129237 Q0 519977 0
1129237 Q0 5212767 0
1129237 Q0 5351993 0
1129237 Q0 5483525 0
1129237 Q0 5589927 0
1129237 Q0 5619502 1
1129237 Q0 5627214 0
1129237 Q0 5700028 0
1129237 Q0 5831781 0
1129237 Q0 5906130 1
1129237 Q0 5906134 0
1129237 Q0 5916672 0
1129237 Q0 5978321 0
1129237 Q0 6080457 0
1129237 Q0 6080459 0
1129237 Q0 6080460 1
1129237 Q0 6172874 0
1129237 Q0 618981 0
1129237 Q0 6343520 0
1129237 Q0 6343521 0
1129237 Q0 6343523 0
1129237 Q0 6366866 0
1129237 Q0 7006376 0
1129237 Q0 7050921 0
1129237 Q0 7060535 0
1129237 Q0 7081249 0
1129237 Q0 7179982 0
1129237 Q0 7191985 0
1129237 Q0 7248784 0
1129237 Q0 7327351 0
1129237 Q0 7350325 0
1129237 Q0 7371133 0
1129237 Q0 7397082 0
1129237 Q0 7482392 0
1129237 Q0 7551658 0
1129237 Q0 7745049 0
1129237 Q0 7874566 0
1129237 Q0 7901543 0
1129237 Q0 7903450 0
1129237 Q0 7911557 1
1129237 Q0 7949257 0
1129237 Q0 795711 0
1129237 Q0 7977373 0
1129237 Q0 80867 0
1129237 Q0 8150178 0
1129237 Q0 824966 0
1129237 Q0 8414193 0
1129237 Q0 8414421 0
1129237 Q0 8415462 0
1129237 Q0 8450766 0
1129237 Q0 8498937 0
1129237 Q0 851917 0
1129237 Q0 852669 0
1129237 Q0 8588219 1
1129237 Q0 8588222 0
1129237 Q0 8588226 0
1129237 Q0 8588227 0
1129237 Q0 8596871 0
1129237 Q0 8630514 0
1129237 Q0 8658472 0
1129237 Q0 8661169 0
1129237 Q0 8682824 1
1129237 Q0 8712732 0
1129237 Q0 8785113 0
1129237 Q0 998748 1
1129237 Q0 998750 0
1129237 Q0 998751 0
1133167 Q0 1014506 0
1133167 Q0 1060131 0
1133167 Q0 1064355 0
1133167 Q0 1070102 0
1133167 Q0 1097959 0
1133167 Q0 1164678 0
1133167 Q0 1198855 0
1133167 Q0 1212849 0
1133167 Q0 1356823 0
1133167 Q0 1379370 1
1133167 Q0 1379378 1
1133167 Q0 138929 0
1133167 Q0 1405985 0
1133167 Q0 1445554 0
1133167 Q0 1451914 0
1133167 Q0 1499669 0
1133167 Q0 153452 0
1133167 Q0 1572514 0
1133167 Q0 1682797 0
1133167 Q0 168597 0
1133167 Q0 1701657 0
1133167 Q0 1720298 0
1133167 Q0 1727081 0
1133167 Q0 1748348 0
1133167 Q0 1789857 0
1133167 Q0 1789859 0
1133167 Q0 1824479 1
1133167 Q0 1824480 1
1133167 Q0 1824481 1
1133167 Q0 1824483 1
1133167 Q0 1824484 1
1133167 Q0 1824485 1
1133167 Q0 1824486 1
1133167 Q0 1824487 1
1133167 Q0 1824488 1
1133167 Q0 1826924 0
1133167 Q0 1833598 0
1133167 Q0 18344 1
1133167 Q0 1834505 0
1133167 Q0 18346 1
1133167 Q0 18351 1
1133167 Q0 18352 1
1133167 Q0 1844248 0
1133167 Q0 1883272 1
1133167 Q0 1883273 1
1133167 Q0 1883276 1
1133167 Q0 1883277 0
1133167 Q0 1883278 0
1133167 Q0 1883280 1
1133167 Q0 1883281 1
1133167 Q0 189072 0
1133167 Q0 190802 1
1133167 Q0 190803 1
1133167 Q0 190804 1
1133167 Q0 190805 1
1133167 Q0 190806 1
1133167 Q0 190808 1
1133167 Q0 190809 1
1133167 Q0 190810 1
1133167 Q0 190811 1
1133167 Q0 2010279 1
1133167 Q0 2010280 1
1133167 Q0 2010281 1
1133167 Q0 2070080 0
1133167 Q0 2070087 1
1133167 Q0 2114201 0
1133167 Q0 2134754 0
1133167 Q0 2189883 0
1133167 Q0 220332 0
1133167 Q0 2276675 1
1133167 Q0 2276676 0
1133167 Q0 2276677 1
1133167 Q0 2276678 1
1133167 Q0 2278260 0
1133167 Q0 2283573 0
1133167 Q0 23627 0
1133167 Q0 2365193 0
1133167 Q0 2365196 0
1133167 Q0 2365200 0
1133167 Q0 2407383 0
1133167 Q0 2439239 0
1133167 Q0 2439240 0
1133167 Q0 2478181 0
1133167 Q0 2478183 0
1133167 Q0 2478184 0
1133167 Q0 2491366 0
1133167 Q0 2491371 1
1133167 Q0 2502414 0
1133167 Q0 2521339 0
1133167 Q0 2535372 0
1133167 Q0 2573354 0
1133167 Q0 2576067 0
1133167 Q0 2584183 0
1133167 Q0 2611058 0
1133167 Q0 2611059 0
1133167 Q0 2613290 0
1133167 Q0 2613291 1
1133167 Q0 2613293 1
1133167 Q0 2613294 0
1133167 Q0 2613296 1
1133167 Q0 2623303 0
1133167 Q0 2699246 0
1133167 Q0 2710495 0
1133167 Q0 2710496 1
1133167 Q0 2750177 0
1133167 Q0 2757422 0
1133167 Q0 2777577 1
1133167 Q0 2789095 0
1133167 Q0 2792658 0
1133167 Q0 2792662 0
1133167 Q0 2833473 0
1133167 Q0 2863394 0
1133167 Q0 2869435 0
1133167 Q0 2952790 0
1133167 Q0 2952791 0
1133167 Q0 2970353 0
1133167 Q0 2991270 0
1133167 Q0 2996833 0
1133167 Q0 3023119 1
1133167 Q0 3023120 1
1133167 Q0 3023121 0
1133167 Q0 3023123 1
1133167 Q0 3023124 1
1133167 Q0 3023125 1
1133167 Q0 3074597 1
1133167 Q0 3074598 1
1133167 Q0 3074599 1
1133167 Q0 3141661 1
1133167 Q0 3225169 0
1133167 Q0 3253592 1
1133167 Q0 3253596 1
1133167 Q0 3253597 1
1133167 Q0 3283696 0
1133167 Q0 332787 0
1133167 Q0 3355083 1
1133167 Q0 3391433 1
1133167 Q0 3391436 1
1133167 Q0 3391439 1
1133167 Q0 3392362 0
1133167 Q0 3421897 1
1133167 Q0 3421898 1
1133167 Q0 3421899 1
1133167 Q0 3421900 1
1133167 Q0 3421901 1
1133167 Q0 3421902 1
1133167 Q0 3421903 1
1133167 Q0 3421906 1
1133167 Q0 3498426 0
1133167 Q0 3502794 0
1133167 Q0 3504317 0
1133167 Q0 3512076 0
1133167 Q0 3560313 1
1133167 Q0 3567635 0
1133167 Q0 3598492 0
1133167 Q0 3767108 0
1133167 Q0 3768161 0
1133167 Q0 3795478 0
1133167 Q0 3821515 1
1133167 Q0 3821516 1
1133167 Q0 3944240 0
1133167 Q0 3944276 1
1133167 Q0 3944277 1
1133167 Q0 3953805 1
1133167 Q0 3953807 1
1133167 Q0 3964286 0
1133167 Q0 3964289 0
1133167 Q0 3993166 0
1133167 Q0 402083 0
1133167 Q0 4046860 0
1133167 Q0 405188 0
1133167 Q0 4131477 0
1133167 Q0 4146698 0
1133167 Q0 4184339 0
1133167 Q0 4192699 1
1133167 Q0 4194241 1
1133167 Q0 4201605 0
1133167 Q0 4212709 0
1133167 Q0 4226019 0
1133167 Q0 4226022 1
1133167 Q0 4226024 0
1133167 Q0 4265711 0
1133167 Q0 4294928 1
1133167 Q0 4294930 1
1133167 Q0 434119 1
1133167 Q0 434120 1
1133167 Q0 434121 1
1133167 Q0 434123 1
1133167 Q0 434124 1
1133167 Q0 434125 1
1133167 Q0 434126 0
1133167 Q0 4345704 0
1133167 Q0 4361441 0
1133167 Q0 4443368 0
1133167 Q0 4443370 1
1133167 Q0 4443371 1
1133167 Q0 4443372 1
1133167 Q0 4443374 0
1133167 Q0 4443375 0
1133167 Q0 4446766 0
1133167 Q0 4467246 0
1133167 Q0 4489251 0
1133167 Q0 4494097 1
1133167 Q0 4494100 0
1133167 Q0 4494101 1
1133167 Q0 4494102 0
1133167 Q0 4494104 1
1133167 Q0 4498473 1
1133167 Q0 4498474 1
1133167 Q0 4498475 1
1133167 Q0 4498476 1
1133167 Q0 4498477 1
1133167 Q0 4498478 1
1133167 Q0 4498479 1
1133167 Q0 4505814 0
1133167 Q0 4514785 1
1133167 Q0 454662 0
1133167 Q0 4550240 1
1133167 Q0 4550241 1
1133167 Q0 4550242 0
1133167 Q0 4550243 1
1133167 Q0 4550244 1
1133167 Q0 4557439 1
1133167 Q0 4557441 1
1133167 Q0 4557442 0
1133167 Q0 4572057 0
1133167 Q0 4585036 0
1133167 Q0 4625145 0
1133167 Q0 4625147 0
1133167 Q0 4625148 0
1133167 Q0 4699661 0
1133167 Q0 4699663 0
1133167 Q0 4703846 0
1133167 Q0 4712273 1
1133167 Q0 4712274 0
1133167 Q0 4712275 1
1133167 Q0 4712276 0
1133167 Q0 4712277 1
1133167 Q0 4712279 1
1133167 Q0 4742235 0
1133167 Q0 481419 0
1133167 Q0 4904436 0
1133167 Q0 4905510 0
1133167 Q0 4922619 1
1133167 Q0 4922620 1
1133167 Q0 4926197 1
1133167 Q0 4926199 0
1133167 Q0 4926201 0
1133167 Q0 4926202 0
1133167 Q0 4926204 0
1133167 Q0 4967195 0
1133167 Q0 4973626 1
1133167 Q0 5012052 0
1133167 Q0 5015939 0
1133167 Q0 5052505 0
1133167 Q0 5077348 1
1133167 Q0 5134018 0
1133167 Q0 5186167 0
1133167 Q0 5186340 0
1133167 Q0 5327657 0
1133167 Q0 5362315 0
1133167 Q0 5362317 0
1133167 Q0 5395004 0
1133167 Q0 5475781 0
1133167 Q0 5475782 0
1133167 Q0 5483766 0
1133167 Q0 5555222 0
1133167 Q0 558460 0
1133167 Q0 5602353 0
1133167 Q0 5613715 0
1133167 Q0 56191 0
1133167 Q0 563738 1
1133167 Q0 563742 0
1133167 Q0 5674622 1
1133167 Q0 5674623 1
1133167 Q0 5704509 0
1133167 Q0 5787117 1
1133167 Q0 5869720 0
1133167 Q0 5943905 1
1133167 Q0 5943911 1
1133167 Q0 5985449 0
1133167 Q0 5985458 0
1133167 Q0 5990516 0
1133167 Q0 6003837 0
1133167 Q0 6010156 0
1133167 Q0 6020865 0
1133167 Q0 6020866 0
1133167 Q0 6083872 0
1133167 Q0 6088911 0
1133167 Q0 6090702 0
1133167 Q0 6103289 1
1133167 Q0 6103291 1
1133167 Q0 6103292 0
1133167 Q0 6112584 1
1133167 Q0 6112585 1
1133167 Q0 6112586 1
1133167 Q0 6112587 1
1133167 Q0 6112590 1
1133167 Q0 6112591 1
1133167 Q0 6112592 1
1133167 Q0 6112593 0
1133167 Q0 6113156 0
1133167 Q0 6138 1
1133167 Q0 6140 1
1133167 Q0 6142 1
1133167 Q0 6143 1
1133167 Q0 6144 1
1133167 Q0 6147447 0
1133167 Q0 6155751 0
1133167 Q0 6157109 1
1133167 Q0 6157112 0
1133167 Q0 6157113 1
1133167 Q0 6157114 0
1133167 Q0 6252360 1
1133167 Q0 6257034 1
1133167 Q0 6257038 1
1133167 Q0 6299572 1
1133167 Q0 6299574 1
1133167 Q0 6299575 1
1133167 Q0 6299576 1
1133167 Q0 631692 0
1133167 Q0 6360446 0
1133167 Q0 6364211 0
1133167 Q0 6467517 1
1133167 Q0 6467518 1
1133167 Q0 6467519 0
1133167 Q0 6467520 0
1133167 Q0 6467521 0
1133167 Q0 6467522 0
1133167 Q0 6467523 1
1133167 Q0 6467524 1
1133167 Q0 6504576 0
1133167 Q0 6530225 0
1133167 Q0 6570019 0
1133167 Q0 6635813 0
1133167 Q0 6730791 0
1133167 Q0 6839771 0
1133167 Q0 6877851 0
1133167 Q0 6911927 0
1133167 Q0 6911928 0
1133167 Q0 6969972 0
1133167 Q0 6999438 1
1133167 Q0 6999439 1
1133167 Q0 6999440 1
1133167 Q0 6999442 1
1133167 Q0 6999443 0
1133167 Q0 7010343 0
1133167 Q0 7079362 0
1133167 Q0 7091940 0
1133167 Q0 7091943 0
1133167 Q0 7091944 0
1133167 Q0 7093509 1
1133167 Q0 7093510 1
1133167 Q0 7093511 1
1133167 Q0 7093512 0
1133167 Q0 7093513 1
1133167 Q0 7095374 0
1133167 Q0 7115353 0
1133167 Q0 715557 0
1133167 Q0 7166531 0
1133167 Q0 7195800 0
1133167 Q0 7195802 0
1133167 Q0 7204035 0
1133167 Q0 7217701 0
1133167 Q0 7217702 1
1133167 Q0 7217705 1
1133167 Q0 7217706 0
1133167 Q0 7218012 1
1133167 Q0 7218013 1
1133167 Q0 7218015 1
1133167 Q0 7218016 1
1133167 Q0 7218018 1
1133167 Q0 7218019 1
1133167 Q0 7218021 1
1133167 Q0 7236839 0
1133167 Q0 7236844 0
1133167 Q0 72424 0
1133167 Q0 7256791 0
1133167 Q0 7475304 0
1133167 Q0 7482758 0
1133167 Q0 7486594 1
1133167 Q0 7486596 0
1133167 Q0 7486597 1
1133167 Q0 7486599 1
1133167 Q0 7486600 1
1133167 Q0 7486601 1
1133167 Q0 7486602 1
1133167 Q0 761530 0
1133167 Q0 7621417 0
1133167 Q0 7734299 0
1133167 Q0 7741724 0
1133167 Q0 7762240 1
1133167 Q0 7762241 1
1133167 Q0 7762242 0
1133167 Q0 7762244 1
1133167 Q0 7762245 1
1133167 Q0 7776428 1
1133167 Q0 7776429 0
1133167 Q0 7793408 1
1133167 Q0 7793409 1
1133167 Q0 7793411 1
1133167 Q0 7793414 1
1133167 Q0 7793416 1
1133167 Q0 7835482 0
1133167 Q0 7835488 0
1133167 Q0 7835489 0
1133167 Q0 7887733 0
1133167 Q0 7949845 0
1133167 Q0 7991601 0
1133167 Q0 8003293 0
1133167 Q0 8003295 0
1133167 Q0 8003299 0
1133167 Q0 8003301 1
1133167 Q0 8033644 1
1133167 Q0 8033645 1
1133167 Q0 8033646 0
1133167 Q0 8033647 1
1133167 Q0 8033648 1
1133167 Q0 8033649 0
1133167 Q0 8033650 1
1133167 Q0 8037316 0
1133167 Q0 8042859 0
1133167 Q0 8055046 0
1133167 Q0 8160224 1
1133167 Q0 8160225 1
1133167 Q0 8160230 0
1133167 Q0 8160241 1
1133167 Q0 8160242 1
1133167 Q0 8160243 1
1133167 Q0 8162669 0
1133167 Q0 8175700 0
1133167 Q0 8190071 0
1133167 Q0 8201914 1
1133167 Q0 823272 1
1133167 Q0 823273 1
1133167 Q0 823274 1
1133167 Q0 823275 1
1133167 Q0 823276 1
1133167 Q0 823277 1
1133167 Q0 823278 1
1133167 Q0 823279 1
1133167 Q0 8250497 1
1133167 Q0 8250498 1
1133167 Q0 8250500 1
1133167 Q0 8250501 0
1133167 Q0 8250503 0
1133167 Q0 8255701 0
1133167 Q0 8255702 1
1133167 Q0 8255703 1
1133167 Q0 8255704 1
1133167 Q0 8255705 1
1133167 Q0 8255706 1
1133167 Q0 8332485 0
1133167 Q0 8332521 0
1133167 Q0 8403740 0
1133167 Q0 8403745 0
1133167 Q0 8403746 0
1133167 Q0 8405628 0
1133167 Q0 8405630 0
1133167 Q0 8415742 1
1133167 Q0 8415743 1
1133167 Q0 8415744 0
1133167 Q0 8415745 0
1133167 Q0 8415746 1
1133167 Q0 8415747 1
1133167 Q0 8484844 0
1133167 Q0 8484845 0
1133167 Q0 8484846 1
1133167 Q0 8484849 0
1133167 Q0 8484851 1
1133167 Q0 8488056 0
1133167 Q0 8500823 0
1133167 Q0 8558118 0
1133167 Q0 8607547 0
1133167 Q0 8621563 0
1133167 Q0 8717042 0
1133167 Q0 8748586 1
1133167 Q0 8748587 1
1133167 Q0 8748590 1
1133167 Q0 8748592 1
1133167 Q0 8749494 0
1133167 Q0 8755109 0
1133167 Q0 8755113 0
1133167 Q0 8804478 0
1133167 Q0 8813656 0
1133167 Q0 881707 0
1133167 Q0 8836486 0
1133167 Q0 8839919 0
1133167 Q0 8839920 1
1133167 Q0 8839922 1
1133167 Q0 944810 0
1133167 Q0 949411 0
1133167 Q0 977421 0
